title,thumbnail,linkUrl,pcLinkUrl,mobileLinkUrl,officeName,rank,hitCount,updatedAt,createdAt,content
"T1 터트린 '룰러' 박재혁 ""구마유시, 콩댄스 추고 숙소 가길"" [LCK]",https://imgnews.pstatic.net/image/origin/311/2022/07/30/1482796.jpg,https://n.news.naver.com/mnews/article/311/0001482796?sid=10779a79b,https://sports.news.naver.com/news.nhn?oid=311&aid=0001482796,https://n.news.naver.com/sports/esports/article/311/0001482796,엑스포츠뉴스,1,0,2022-07-30T14:31:01,2022-07-30T14:31:01,"(엑스포츠뉴스 최지영기자) ""T1전, '무조건 이긴다'는 마인드로 경기장에 왔다"" 30일 서울 종로 롤파크에서는 '2022 LCK 서머' 2라운드 T1 대 젠지의 맞대결이 펼쳐졌다.  이날 젠지는 숙적의 T1을 2대0으로 꺾었다. 드디어 꿈꿨던 복수의 순간이었다. 이로써 젠지는 유일하게 13승 고지를 달성했다. 승리의 주역은 단연 '룰러' 박재혁이었다. 박재혁은 루시안과 제리로 딜을 퍼부으면서 팀을 캐리했다. 그는 경기 후 진행된 라이엇 공식 방송 인터뷰에서 ""솔직히 긴장 많이 했는데 팀원들이 잘 풀어주고 이끌어줘서 좋은 경기력이 나왔다""며 승리 소감을 전했다. 그는 T1과의 경기를 앞두고 ""우리의 경기력이 조금 더 좋아서 '무조건 이긴다'는 마인드로 경기장에 왔다""고 털어놨다. 루시안-나미의 5연패를 끊어낸 젠지. 그는 ""특정 챔이 없는 상황에서 우리 팀은 루시안-나미가 1티어라고 생각한다""고 강조했다. 박재혁은 1세트 역전 포인트에 ""도란 선수가 사이드에서 죽었지만 리스크가 없었다. 미드도 편하게 CS먹었다. 나 역시 선제 공격으로 돈도 많이 뽑게 됐다""고 설명했다. 2세트 제리로 펜타킬을 차지한 박재혁은 ""도란 선수가 이니시를 잘 걸었고 앞라인을 잘 밀고 나갔다. 내가 펜타킬 할 줄은 몰랐다. 말로 표현할 수 없었다""고 당시를 회상했다. 박재혁은 이번 T1전을 돌아보며 ""오늘 그렇게 잘했다고 생각하지 않고 우리 팀원들이 '너 먹어라'고 먹여준 킬들이었다""고 팀원들을 향해 고마움을 드러냈다.  박재혁은 T1전 세레머니가 없냐는 물음에 ""딱히 세레머니는 없지만 사실 경기 전 도발을 당했다. 구마유시 선수는 콩댄스 추면서 숙소가면 되겠다""고 도발에 역도발을 시전했다.  아울러 그는 다음 경기 ""항상 T1에게 졌는데 그만큼 잘하는 팀이라 생각했다. 그런 팀을 꺾었기 때문에 앞으로도 좋은 성적 낼 수 있을 것 같다""고 강조했다.  사진=엑스포츠뉴스DB"
"[포토] 젠지e스포츠, '팬들이 그려준 치어풀과 함께'",https://imgnews.pstatic.net/image/origin/347/2022/07/30/165130.jpg,https://n.news.naver.com/mnews/article/347/0000165130?sid=10779a79b,https://sports.news.naver.com/news.nhn?oid=347&aid=0000165130,https://n.news.naver.com/sports/esports/article/347/0000165130,데일리e스포츠,2,0,2022-07-30T14:11:01,2022-07-30T14:11:01,30일 오후 서울 종로구 그랑서울 롤파크 LCK 아레나에서 열린 2022 LCK 서머 7주 차 T1과 젠지e스포츠의 경기서 젠지가 2대0으로 승리했다. 젠지는 T1전 7연패서 벗어났다.
3연속 '오공’ 고른 ‘크로코’ 김동범 “표식 딱히 견제 안 했다”[SS인터뷰],https://imgnews.pstatic.net/image/origin/468/2022/07/30/870057.jpg,https://n.news.naver.com/mnews/article/468/0000870057?sid=10779a79b,https://sports.news.naver.com/news.nhn?oid=468&aid=0000870057,https://n.news.naver.com/sports/esports/article/468/0000870057,스포츠서울,3,0,2022-07-30T13:54:01,2022-07-30T13:53:18,"리브 샌드박스 ‘크로코’ 김동범. 종로=김지윤 기자 merry0619@sportsseoul.com [스포츠서울 | 종로=김지윤기자] “ ‘표식’도 그냥 정글러 중 한 명이다.” 리브 샌드박스가 30일 서울 종로구에 위치한 롤 파크에서 열린 ‘2022 LoL 챔피언스 코리아(이하 LCK)’ 7주차 2라운드 DRX와 대결에서 세트 스코어 2-1로 승리했다. 샌드박스는 1라운드에 이어 2라운드까지 DRX를 제압하며 단독 4위를 수성했다.  이날 경기에선 00년생 동갑 정글러들의 대결도 눈여겨 볼만했다. 경기 후 ‘크로코’ 김동범은 “스프링 때 성적과 정반대되는 성적이 나와서 기분이 매우 좋다”며 “딱히 ‘표식’ 홍창현을 견제하는 건 없었다. ‘충분히 다 상대할만하다’라는 생각으로 게임을 했었기 때문에 좋은 결과가 나왔던 것 같다” 깜짝 도발과 함께 승리 소감을 밝혔다. 그는 평소 창의적인 동선으로 극찬을 받는다. 크로코는 동선의 영감을 ‘피넛’ 한왕호와 ‘카나비’ 서진혁에게 얻는다고 밝했다. “‘피넛’의 경기를 많이 보고 변형해서 쓰거나 똑같이 따라 하기도 했다. 그거 외에는 LPL에서 ‘카나비’의 동선이 좀 깔끔한 거 같아서 많이 보고 했던 것 같다”고 답했다. 다음은 크로코와의 일문일답이다. - ‘단독 4위’를 수성했다. 소감이 어떤지 “스프링 때 성적과는 정말 반대되는 성적이 나와서 서머 들어서 매우 기분이 좋은 것 같다.” - 뼈아팠을 것 같은 농심 전 패배 후 어떤 피드백을 나눴나 “농심 전에서는 개개인적으로 컨디션 관리에 많이 실패했다고 생각하는 날이다. 우리가 할 플레이나 계속해왔던 플레이들을 많이 주춤했다고 생각했다. 그런 점을 보완하고 사무국 분들과 코칭스태프분들께서 컨디션 관리를 많이 도와주셨다.” -‘컨디션 관리를 실패했다’는 부분이 어떤 것인가 “딱 말하자면 나와 ‘클로저’ 선수가 동시에 목감기에 걸려서 근 일주일 정도 계속 아팠었다.” - ‘표식’ 홍창현과 대결 어떻게 준비하려 했나 “‘표식’ 선수도 그냥 정글러 중 한 명이라고 생각한다. 딱히 표식 선수를 견제하는 건 없었다. ‘충분히 다 상대할만하다’라는 생각으로 게임을 했었기 때문에 좋은 결과가 나왔던 것 같다.”   - 1세트, 불리했던 게임이 상대 드래곤 흐름을 끊고 30분경 바론 앞에서 완전히 기울었다. 교전 상황을 설명하자면 “첫 번째 판에 ‘프린스’ 선수의 몰래 바론 전략이 완벽하게 성공했다. 우리 팀이 골드 차이가 났었는데 비등비등하게 돼서 이득을 봤다. 그리고 삼십 분 때 나왔던 바론 싸움에서는 우리 팀이 잃을 게 없기 때문에 자신감 있게 해서 이겼던 것 같다.” - 3세트 상대가 ‘베인’을 꺼냈다. 어떤 콜을 나눴나 “우리 팀 내에서는 ‘프린스’ 선수도 베인을 굉장히 잘 다룬다. ‘베인’의 약점, ‘시비르’의 장점을 말해줬다. 그게 플레이적으로 부담도 없었고 게임할 때 많이 편해진 이유가 됐다.”   - 샌드박스는 확실히 과감성과 상대가 실수하면 틈을 놓치지 않는 것 같다. 불리할 때도 과감하게 할 수 있는 비결이 무엇인가 “우리 코치-감독님의 방향성 자체도 ‘불리해도 절대 불리하게 안 하는 것’이고 (그게) 우리의 강점이다. (그런) 강점들을 많이 드러나게 해줬던 부분이 잘 된 것 같다. 또 내가 상대방 실수를 하면 잘 알기 때문에 그런 점에서 발 빠르게 먼저 체크할 수 있는 것 같다.” - “‘크로코’의 동선이 창의적”이라고 극찬을 받는다. 동선의 영감을 어디서 얻나 “이번 서머에서 그런 소리를 들었던 것 같은데, ‘피넛’ 선수의 경기를 많이 보고 ‘되게 창의적이고 좋다’라는 생각을 했다. (그래서) 변형해서 쓰거나 똑같이 따라 하기도 했고 그거 외에는 LPL에서 ‘카나비’ 선수 동선이 좀 깔끔한 거 같아서 많이 보고 했던 것 같다.” - 현재 정글 티어 정리가 어떻게 됐나 “이번에는 정글 챔피언 밸류가 다 비슷해졌다고 생각한다. 그 점에서 ‘오공’은 확실히 1티어 자리에 있을 만하다. 그거를 따라가는 게 ‘뽀삐’ ‘리 신’정도 인 것 같다. ‘트런들’은 2티어, ‘바이’는 딱 3티어 정도인 것 같고, 최근 ‘스카너’가 경기에서 많이 나오는데 ‘스카너’의 티어 정리가 아직 확실히 안돼서 좀 많이 해봐야 할 것 같다.” - 최근 ‘롤드컵 가고 싶다’로 팀원들끼리 닉네임 변경했던데 “작년에도 채환이(프린스)랑 나랑 ‘가고 싶다 롤드컵’이라는 닉네임 했었다. 이번 서머에서도 우리가 롤드컵에 굉장히 가까워진 팀이라고 생각을 하고 있다. 되게 간절하고 진짜 열심히 해야겠다는 생각이 많다. 그런 생각이 우리가 닉네임을 바꾸게 된 계기가 되었고 이번에 주현이(클로저)까지 합세해서 바꿨다.” - 다음 경기 담원 기아다. ‘캐니언’ 김건부와 맞붙게 되는데  “담원의 상체 세 명 선수가 워낙 단단하고 특히 ‘캐니언’ 선수는 항상 실수를 보기 힘든 플레이들을 하는 것 같다. 나는 항상 상대를 실수를 잘 캐치하지만 내 실수도 많이 나온다고 생각하고 ‘캐니언’ 선수도 워낙 ‘클러치 능력’이 좋기 때문에 나도 준비를 잘해서 실수 없이 해야 될 것 같다.” merry0619@sportsseoul.com"
"[LCK] ‘정상 대전’ 드디어 웃은 젠지, 천적 T1에 통쾌한 설욕(종합)",https://imgnews.pstatic.net/image/origin/109/2022/07/30/4668812.jpg,https://n.news.naver.com/mnews/article/109/0004668812?sid=10779a79b,https://sports.news.naver.com/news.nhn?oid=109&aid=0004668812,https://n.news.naver.com/sports/esports/article/109/0004668812,OSEN,4,0,2022-07-30T13:51:03,2022-07-30T13:51:03,"[OSEN=종로, 고용준 기자] 드디어 젠지가 웃었다. 젠지가 ‘정상 대전’서 천적 T1에 시원한 완승을 거두면서 단독 선두로 올라섰다. 젠지는 30일 오후 서울 종로 롤파크 LCK아레나에서 열린 ‘2022 LOL 챔피언스 코리아(이하 LCK)’ 서머 T1과 2라운드 경기서 ‘룰러’ 박재혁의 활약에 2-0 승리를 거뒀다. ‘룰러’ 박재혁은 2세트 펜타킬과 쿼드라킬로 화끈한 킬 쇼를 보여주면서 팀 승리의 일등공신이 됐다. 이로써 7연승을 달린 젠지는 시즌 13승(1패 득실 +24)째를 올리면서 단독 선두 자리를 굳혔다. T1은 시즌 2패(12승 득실 +15)째를 당하면서 2위가 됐다. 젠지가 정상 대전의 서전부터 기분 좋게 출발했다. T1이 ‘페이커’와 ‘오너’의 궁극기를 바탕으로 탑을 공략하면서 초반 주도권을 잡았지만, ‘도란’ 최현준이 결정적인 순간 ‘페이커’ 이상혁을 잡고 쓰러지면서 반전의 발판을 마련했다. 스노우볼이 더디게 굴러간 T!을 보면서 젠지는 기회를 놓추지 않았다. 힘을 중앙으로 집중시켜 승부를 뒤집었다. 경기 초반 고전을 면치 못했던 ‘도란’ 최현준이 상대 조합을 흔들면 ‘룰러’ 박재혁이 결정타를 날리면서 기선 제압에 성공했다. 서전을 패한 T1이 빠른 압박으로 반격에 나섰지만, 젠지는 연달아 들어오는 T1의 공세를 받아치면서 흐름을 자신들 쪽으로 돌렸다. 여기에 1세트 POG 박재혁이 2세트에서는 원딜 캐리의 정수가 나왔다. 펜타킬에 이어 쿼드라킬까지 연달아 터뜨리면서 T1의 저항 의지를 무참하게 꺾었다. 균형이 완전히 기울어진 상황에서 젠지는 T1에게 시간을 주지 않았다. 결국 T1의 넥서스가 함락됐다. / scrapper@osen.co.kr"
[포토] T1을 꺾은 젠지e스포츠,https://imgnews.pstatic.net/image/origin/347/2022/07/30/165129.jpg,https://n.news.naver.com/mnews/article/347/0000165129?sid=10779a79b,https://sports.news.naver.com/news.nhn?oid=347&aid=0000165129,https://n.news.naver.com/sports/esports/article/347/0000165129,데일리e스포츠,5,0,2022-07-30T13:44:01,2022-07-30T13:44:01,30일 오후 서울 종로구 그랑서울 롤파크 LCK 아레나에서 열린 2022 LCK 서머 7주 차 T1과 젠지e스포츠의 경기서 젠지가 2대0으로 승리했다. 젠지는 T1전 7연패서 벗어났다.
[포토] T1전 승리에 기뻐하는 젠지 고동빈 감독,https://imgnews.pstatic.net/image/origin/347/2022/07/30/165128.jpg,https://n.news.naver.com/mnews/article/347/0000165128?sid=10779a79b,https://sports.news.naver.com/news.nhn?oid=347&aid=0000165128,https://n.news.naver.com/sports/esports/article/347/0000165128,데일리e스포츠,6,0,2022-07-30T13:42:01,2022-07-30T13:42:01,30일 오후 서울 종로구 그랑서울 롤파크 LCK 아레나에서 열린 2022 LCK 서머 7주 차 T1과 젠지e스포츠의 경기서 젠지가 2대0으로 승리했다. 젠지는 T1전 7연패서 벗어났다. 젠지 고동빈 감독이 승리에 기뻐하고 있다.
"‘룰러’ 펜타+쿼드라 킬 젠지, T1에 2-0 완승…‘콩 댄스’는 ‘도란’의 것[SS종로in]",https://imgnews.pstatic.net/image/origin/468/2022/07/30/870056.jpg,https://n.news.naver.com/mnews/article/468/0000870056?sid=10779a79b,https://sports.news.naver.com/news.nhn?oid=468&aid=0000870056,https://n.news.naver.com/sports/esports/article/468/0000870056,스포츠서울,7,0,2022-07-30T13:54:02,2022-07-30T13:39:12,"젠지 선수들이 30일 숙적 T1에 2-0으로 승리한 후 기념촬영을 하고 있다.  종로=김지윤 기자 merry0619@sportsseoul.com [스포츠서울 | 종로=김민규기자]젠지가 제대로 칼을 갈고 나왔다. 젠지는 유독 T1 앞에 서면 좀처럼 힘을 발휘하지 못했지만 이날만은 달랐다. 지난 스프링 결승부터 서머 1라운드의 아쉬웠던 패배까지 끌려 다녔던 과거를 말끔하게 씻어내는 한방을 보여줬다. 젠지가 사실상 정규시즌 ‘1위’를 예고한 순간이다.  젠지는 30일 서울 종로구에 위치한 롤 파크에서 진행된 ‘2022 LoL 챔피언스 코리아(이하 LCK)’ 서머 스플릿 7주차 T1과의 대결에서 세트스코어 2-0으로 완승을 거뒀다. 1세트는 후반에 뒤집기에 성공했고 2세트에선 ‘룰러’ 박재혁이 펜타 킬에 이어 쿼드라 킬까지 쓸어 담으며 24분 만에 압승을 거뒀다. 1세트에서 젠지는 초반에 주춤하며 T1에 주도권을 내줬다. 내내 끌려 다니면서도 힘을 키워 나갔고 결국엔 경기를 뒤집었다. T1은 초반 득점을 이어가며 젠지를 압도했고 13분 만에 골드 격차를 3000까지 벌렸다. T1은 지속해서 젠지를 압박하며 경기를 풀어나갔다.    그러나 젠지는 T1의 압박 속에서도 반격의 틈을 노렸다. 적절하게 반격하며 힘을 키운 젠지는 승부처였던 31분경 용 앞 한타 교전에서 승리하며 확실한 승기를 잡았다. 이때 젠지는 네 번째 영혼의 용을 획득한 후 기세를 멈추지 않고 곧바로 바론으로 향해 바론 버프까지 챙겼다. 바론 버프를 두른 젠지는 T1을 압박해 들어갔고 35분 만에 넥서스를 파괴하며 1세트를 승리했다. T1에 승리 공약으로 ‘콩 댄스’를 추겠다고 약속한 젠지의 ‘도란’ 최현준이 댄스를 추고 있다.  종로=김민규 기자 kmg@sportsseoul.com 2세트 젠지는 ‘룰러’ 박재혁의 ‘제리’를 앞세워 막강한 파괴력으로 압승을 거뒀다. 초반 팽팽한 접전을 이어가던 중 승패를 가른 건 세 번째 용 앞에서 열린 한타 교전이었다. 대치 구도에서 ‘도란’의 ‘나르’의 궁극기가 완벽하게 들어갔고 ‘쵸비’ 정지훈의 ‘아리’가 치고 빠지는 플레이로 T1을 흔들었다. 젠지가 T1을 일방적으로 압도하는 구도가 나왔고, 이를 놓칠세라 ‘룰러’ 박재혁의 ‘제리’가 종횡무진 활약하며 ‘펜타 킬’을 만들었다.  이후 미드에서 열린 4대 5 한타 교전에서 젠지가 또 한 번 대승을 거뒀다. T1은 ‘룰러’의 ‘제리’를 집중 공략하려 했지만 실패했고 오히려 역습기회를 잡은 ‘룰러’가 또 다시 활약하며 쿼드라 킬을 쓸어 담았다. 25분경 T1의 본진으로 돌진한 젠지는 넥서스를 두고 교전을 열었고 승리하며 경기에 마침표를 찍었다. 이날 젠지의 승리로 ‘도란’ 최현준은 팬들에게 ‘콩 댄스’를 췄다. T1의 ‘구마유시’ 이민형이 “젠지를 꺾고 콩 댄스를 추겠다”고 한 깜찍한(?) 도발에 ‘도란’ 응수했는데 그 공약을 지킨 것. 젠지는 이날 승리로 사실상 정규시즌 1위를 확실시했다. kmg@sportsseoul.com"
"[LCK] 젠지 ‘룰러’ 박재혁 “2세트 펜타킬, 말로 표현할 수 없어”",https://imgnews.pstatic.net/image/origin/236/2022/07/30/226129.jpg,https://n.news.naver.com/mnews/article/236/0000226129?sid=10779a79b,https://sports.news.naver.com/news.nhn?oid=236&aid=0000226129,https://n.news.naver.com/sports/esports/article/236/0000226129,포모스,8,0,2022-07-30T13:36:01,2022-07-30T13:36:01,"“2세트 펜타킬 말로 표현할 수 없다. 팀원들이 떠먹여 준 킬이다” 30일, 마침내 젠지가 T1에 승리하며 리그 1위에 이름을 올렸다. 단독 POG에 선정된 ‘룰러’ 박재혁이 승리의 기쁨을 나눴다. 승리 소감으로 “많이 긴장했다. 다행히 팀원들이 잘 이끌어줘 좋은 경기력 나온 것 같다”고 말한 박재혁. T1전 준비 과정에 대한 질문에 그는 “경기력이 좋아서 절대 지지 않을 것이라는 각오로 왔다”며 T1전을 앞두고 필승 각오를 다졌다는 생각을 전했다. 1세트에서는 루시안-나미 조합을 선택해 승리를 가져갔다. 최근 루나미가 5연패를 기록하고 있던 상황에서 루나미 조합에 대한 생각을 묻자 그는 “어떤 특정 챔피언들이 없는 상태에서는 저희 팀 기준에서 1티어라 생각한다”며 루나미에 대한 자신감을 드러냈다. 박재혁은 “도란 선수가 리스크 없이 사이드 라인에서 죽었고, 그 사이 미드에서 어려움 없이 성장할 수 있었다”며 1세트 역전의 발판 과정에 대해 이야기했다. 2세트 펜타킬 장면과 관련해 “예상하지 못했다”고 말한 박재혁. 그는 “말로 표현할 수 없었다”며 기쁜 마음을 감추지 않았다. 오늘 스스로의 경기력과 관련해 박재혁은 “팀원들이 떠먹여준 킬들이 아닌가 싶다”며 자신의 활약의 공을 팀원들에게 돌렸다. 마지막으로 박재혁은 “T1에게 매번 졌었다. 이렇게 이기게 되니 정말 기쁘고 앞으로도 좋은 성적 낼 수 있다는 생각이 든다”며 T1전 승리로 인해 더욱 비상할 수 있을 것 같다는 생각을 알렸다."
"[LCK] 젠지, 1위 결정전서 T1 완파…팀 순위 &lt; 7월 30일 기준 &gt;",https://imgnews.pstatic.net/image/origin/347/2022/07/30/165127.jpg,https://n.news.naver.com/mnews/article/347/0000165127?sid=10779a79b,https://sports.news.naver.com/news.nhn?oid=347&aid=0000165127,https://n.news.naver.com/sports/esports/article/347/0000165127,데일리e스포츠,9,0,2022-07-30T13:30:01,2022-07-30T13:30:01,젠지.   ◆2022 리그 오브 레전드 챔피언스 코리아(LCK) 서머 팀 순위 < 7월 30일 기준 > 순위 이름 승패 세트득실(세트승-세트패) 1위 젠지 13승 1패 +24(27-3) 2위 T1 12승 2패 +15(25-10) 3위 담원 기아 9승 5패 +10(21-11) 4위 리브 샌드박스 9승 5패 +6(19-13) 5위 kt 롤스터 8승 6패 +4(19-15) 6위 디알엑스 7승 7패 -1(17-18) 7위 광동 프릭스 5승 8패 -9(11-20) 8위 농심 레드포스 3승 10패 -14(8-22) 9위 한화생명 1승 12패 -17(8-25) 10위 프레딧 브리온 1승 12패 -18(6-24)
"죽음, 세금 그리고 서머의 룰러",https://imgnews.pstatic.net/image/origin/005/2022/07/30/1543305.jpg,https://n.news.naver.com/mnews/article/005/0001543305?sid=10779a79b,https://sports.news.naver.com/news.nhn?oid=005&aid=0001543305,https://n.news.naver.com/sports/esports/article/005/0001543305,국민일보,10,0,2022-07-30T13:32:02,2022-07-30T13:28:02,"‘룰러 펜타+쿼드라킬’ 젠지, T1에 1R 패배 설욕 젠지가 ‘룰러’ 박재혁의 펜타 킬에 힘입어 T1에 1라운드 패배를 설욕했다. 젠지는 30일 서울 종로구 LCK 아레나에서 열린 ‘2022 LoL 챔피언스 코리아(LCK)’ 서머 시즌 정규 리그 2라운드 경기에서 T1을 2대 0으로 꺾었다. 13승1패(+24)가 돼 단독 선두 자리를 지켰다. 동시에 T1(12승2패 +15)의 추격을 뿌리치는 데 성공했다. 결승전을 포함한 지난 스프링 시즌 세 번의 맞대결, 서머 시즌 정규 리그 1라운드 경기 등 총 네 번의 맞대결에서 졌던 아픔을 갚은 젠지다. T1은 올해 두 번째이자 서머 시즌 두 번째 매치 패배를 당했다. 젠지의 심장 박재혁이 1·2세트 모두 POG로 선정되는 수준의 활약을 펼쳤다. 특히 2세트 때는 제리를 골라 펜타 킬과 쿼드라 킬을 연달아 기록하면서 게임을 하드 캐리했다. 젠지는 박재혁을 선봉장으로 내세워 24분 만에 게임을 끝냈다. 1세트 땐 T1이 리드를 잡기도 했다. 그러나 젠지가 ‘도란’ 최현준(아칼리)과 ‘피넛’ 한왕호(스카너)의 끈기 있는 플레이로 게임을 뒤집었다. 게임이 후반부로 넘어가자 ‘루나미(루시안·나미)’ 조합의 힘이 살아나면서 박재혁의 딜링 능력이 살아났다. 젠지가 35분 만에 T1 넥서스를 부쉈다. 올 시즌 박재혁의 기량은 동 포지션에서 압도적인 수준이다. 경기 전까지 KDA(7.5), DPM(819), DMG/GOLD(1.60), GD@15(1284) 등 분야에서 1위를 기록했다. 이날 POG 포인트 200점을 추가하면서 총 1000점으로 ‘제우스’ 최우제와 함께 POG 포인트 공동 선두가 됐다."
"[LCK] '룰러' 박재혁, 1,000p로 공동 1위… POG 순위 &lt; 7월 30일 기준 &gt;",https://imgnews.pstatic.net/image/origin/347/2022/07/30/165126.jpg,https://n.news.naver.com/mnews/article/347/0000165126?sid=10779a79b,https://sports.news.naver.com/news.nhn?oid=347&aid=0000165126,https://n.news.naver.com/sports/esports/article/347/0000165126,데일리e스포츠,11,0,2022-07-30T13:28:01,2022-07-30T13:28:01,"'룰러' 박재혁.   ◆2022 리그 오브 레전드 챔피언스 코리아(LCK) 서머 POG 순위 < 7월 30일 기준 > 순위 이름 아이디 소속 포인트 1위 박재혁 Ruler 젠지 1,000 1위 최우제 Zeus T1 1,000 3위 이채환 Prince 리브 샌드박스 900 3위 김하람 Aiming kt 롤스터 900 5위 허수 ShowMaker 담원 기아 700 6위 한왕호 Peanut 젠지 600 6위 김건부 Canyon 담원 기아 600 6위 정지훈 Chovy 젠지 600 9위 김건우 Zeka 디알엑스 500 9위 이민형 Gumayusi T1 500 9위 박진성 Teddy 광동 프릭스 500 9위 황성훈 Kingen 디알엑스 500 13위 문현준 Oner T1 400 13위 서대길 deokdam 담원 기아 400 13위 김동범 Croco 리브 샌드박스 400 13위 홍창현 Pyosik 디알엑스 400 13위 이주현 Clozer 리브 샌드박스 400 13위 이상혁 Faker T1 400 13위 이동주 DuDu 한화생명 400 20위 이가을 Aria kt 롤스터 300 20위 김장겸 OnFleek 한화생명 300 20위 유수혁 FATE 광동 프릭스 300 20위 이대광 VicLa kt 롤스터 300 20위 곽보성 Bdd 농심 300 20위 김창동 Canna 농심 300 20위 최현준 Doran 젠지 300 20위 김광희 Rascal kt 롤스터 300 28위 손시우 Lehends 젠지 200 28위 김기인 Kiin 광동 프릭스 200 28위 조건희 BeryL 디알엑스 200 28위 류민석 Keria T1 200 28위 김태훈 Lava 프레딧 200 28위 김형규 Kellin 담원 기아 200 28위 엄성현 Umti 프레딧 200 28위 장하권 Nuguri 담원 기아 200 28위 이진혁 Dread 농심 200 37위 김혁규 Deft 디알엑스 100 37위 김재연 Dove 리브 샌드박스 100 37위 김홍조 Karis 한화생명 100 37위 김진홍 Kael 리브 샌드박스 100 37위 최엘림 Ellim 광동 100 37위 유환중 Delight 프레딧 100 37위 박기태 Morgan 프레딧 100 37위 문우찬 Cuzz kt 롤스터 100"
"[LCK] 악연 끊어낸 젠지, T1 2대0 격파...T1전 7연패 탈출(종합)",https://imgnews.pstatic.net/image/origin/347/2022/07/30/165125.jpg,https://n.news.naver.com/mnews/article/347/0000165125?sid=10779a79b,https://sports.news.naver.com/news.nhn?oid=347&aid=0000165125,https://n.news.naver.com/sports/esports/article/347/0000165125,데일리e스포츠,12,0,2022-07-30T13:35:01,2022-07-30T13:23:01,젠지e스포츠가 T1과의 악연을 끊었다. 1위 싸움을 두고 벌어진 경기서 승리했고 2년 동안 이어진 연패도 끊었다.  젠지는 30일 오후 서울 종로구 그랑서울 롤파크 LCK 아레나에서 열린 2022 LCK 서머 7주 차 T1과의 경기서 2대0으로 승리했다. T1의 9연승을 저지한 젠지는 7연승과 함께 시즌 13승(1패) 고지에 올랐다. T1은 시즌 2패(12승)째를 당했다.  젠지가 T1과의 경기서 승리한 건 지난 2021년 LCK 스프링 플레이오프 2라운드서 3대0으로 승리한 이후 처음이다. 젠지는 T1전 7연패 끝에 승리를 따냈다.  1세트서 '쵸비' 정지훈의 사일러스'와 '룰러' 박재혁의 루시안 활약으로 승리한 젠지는 2세트 경기 12분 바텀에서 '쵸비' 정지훈의 아리가 킬을 가져왔고 경기 20분 대지 드래곤 한타 싸움서는 '룰러' 박재혁의 제리가 펜타 킬을 기록했다.  이어진 미드 전투서 '룰러'의 제리가 쿼드라 킬을 기록한 젠지는 바텀 전투서도 대승을 거뒀다. 결국 젠지는 '룰러'의 제리를 앞세워 경기 25분 상대 본진으로 들어가 넥서스를 두고 벌어진 한타서 승리하며 경기를 매듭지었다.
"[LCK 서머] 천적 관계 청산...젠지, T1전 2:0 완승",https://imgnews.pstatic.net/image/origin/442/2022/07/30/152228.jpg,https://n.news.naver.com/mnews/article/442/0000152228?sid=10779a79b,https://sports.news.naver.com/news.nhn?oid=442&aid=0000152228,https://n.news.naver.com/sports/esports/article/442/0000152228,인벤,13,0,2022-07-30T13:20:01,2022-07-30T13:20:01,"젠지 e스포츠가 '천적'이라는 족쇄를 스스로 풀었다. T1을 2:0으로 잡아내면서 1위 굳히기에 돌입했다.  트런들을 선택한 '오너' 문현준의 빠른 갱킹이 선취점으로 연결됐다. 1레벨부터 치열한 딜 교환을 벌이는 봇을 급습해 '룰러' 박재혁의 제리를 잡았다. '피넛' 한왕호도 가만히 있지 않았다. 선점멸까지 활용한 봇 갱킹으로 '구마유시' 이민형의 루시안에게 데스를 안겼다.  더 큰 득점이 필요한 입장의 T1은 루시안-나미를 필두로 젠지 e스포츠를 흔들려 했다. 첫 시도는 통했다. 루시안-나미의 깜짝 등장에 '도란' 최현준의 나르는 허무하게 잡혔다. 하지만, 젠지 e스포츠는 두 번 당하지 않았다. 봇으로 밀려온 T1의 압박을 어떻게든 버티며 나르의 성장 시간을 벌었고, 다소 깊게 들어오는 T1을 역습해 오히려 킬을 가져왔다.  게임의 승패를 가른 건, 세 번째 드래곤 한타였다. 대치 구도에서 나르의 궁극기가 완벽하게 들어갔고, '쵸비' 정지훈의 아리가 치고 빠지는 플레이로 T1을 흔들었다. 젠지 e스포츠가 일방적으로 T1을 몰아붙이는 구도가 나왔고, '룰러'의 입에 펜타가 들어갔다.  이후 미드에서 열린 4대 5 한타에서도 젠지 e스포츠가 웃었다. 집중 공격을 당한 제리가 아슬아슬한 체력으로 살아남으면서 젠지 e스포츠가 역습의 기회를 잡았다. '룰러'는 쿼드라 킬을 챙겼다. T1의 마지막 노림수, 봇 매복 플레이마저 알고 있었다는 듯 받아친 젠지 e스포츠는 적진으로 달렸고, 넥서스 일점사로 경기를 끝냈다.  ■ 2022 LCK 서머 스플릿 정규 시즌 34일 차 경기 결과 1경기 DRX 1 vs  2 리브 샌드박스 1세트 DRX 패 vs  승 리브 샌드박스 2세트  DRX 승  vs 패 리브 샌드박스 3세트 DRX 패 vs  승 리브 샌드박스 2경기 T1 0 vs  2 젠지 e스포츠 1세트 T1 패 vs  승 젠지 e스포츠 2세트 T1 패 vs  승 젠지 e스포츠 ■ 2022 LCK 서머 스플릿 정규 시즌 순위 현황 1위 젠지 e스포츠 13승 1패 +24 2위 T1 12승 2패 +15 3위 담원 기아 9승 5패 +10 4위 리브 샌드박스 9승 5패 +6 5위 kt 롤스터 8승 6패 +4 6위 DRX 7승 7패 -1 7위 광동 프릭스 5승 8패 -9 8위 농심 레드포스 3승 10패 -14 9위 한화생명e스포츠 1승 12패 -17 10위 프레딧 브리온 1승 12패 -18 ■ 2022 LCK 서머 스플릿 정규 시즌 35일 차 일정 1경기 한화생명e스포츠 vs 광동 프릭스 - 31일 오후 5시 2경기 농심 레드포스 vs 프레딧 브리온"
"'드디어 T1 꺾었다' 젠지, 2대0으로 T1에 압승…'우리가 1위' [LCK]",https://imgnews.pstatic.net/image/origin/311/2022/07/30/1482788.jpg,https://n.news.naver.com/mnews/article/311/0001482788?sid=10779a79b,https://sports.news.naver.com/news.nhn?oid=311&aid=0001482788,https://n.news.naver.com/sports/esports/article/311/0001482788,엑스포츠뉴스,14,0,2022-07-30T13:15:01,2022-07-30T13:15:01,"(엑스포츠뉴스 최지영기자) 젠지가 드디어 T1에게 패배를 선사했다.  30일 서울 종로 롤파크에서는 '2022 LCK 서머' 2라운드 T1 대 젠지의 최상위권 맞대결이 성사됐다. 이날 젠지에서는 '도란' 최현준, '피넛' 한왕호, '쵸비' 정지훈, '룰러' 박재혁, '리헨즈' 손시우가 나왔고 T1에서는 '제우스' 최우제, '오너' 문현준, '페이커' 이상혁, '구마유시' 이민형, '케리아' 류민석이 등장했다.   2세트에서 T1은 다시 한 번 블루 진영을 젠지는 레드 진영을 선택했다. T1은 오른, 트런들, 아지르, 루시안, 나미를 픽했다. 젠지는 나르, 뽀삐, 아리, 제리, 룰루를 골랐다.   시작부터 오너는 정글을 패스하고 봇 갱킹을 시도, 룰러를 터트렸다. 기분 좋은 출발도 잠시 젠지는 곧바로 반격을 이어갔고 이번에는 피넛이 봇에 와서 구마유시를 잡아냈다.  첫 용과 첫 전령을 나눠가진 가운데 T1이 탑, 봇 라인 스왑을 선택하며 도란을 잡았다. 구마유시-케리아는 계속해서 도란을 따라다니며 이득을 최대한으로 굴렸다. 하지만 T1은 너무 과감하게 봇 다이브를 시도하며 탑 라인을 모두 놓쳤고 젠지가 킬은 물론 라인 이득까지 봤다. T1도 미드 1차를 먼저 밀고 두 번째 전령을 탑에 풀면서 2차 압박을 이어갔다. 양 팀 모두 턴을 교환하며 팽팽한 흐름을 이어갔다. 세 번쨰 대지용이 나왔고 양 팀 모두 용에 집중했다. 이 교전에서 젠지는 룰러의 펜타킬까지 터져나오며 대승을 거뒀다. 바론까지 차지한 젠지는 잘 큰 룰러를 앞세워 T1의 미드 진격을 막아냈고 승기를 제대로 잡았다. 젠지는 그대로 봇으로 밀고들어갔고 억제기를 쉽게 터트리며 쌍둥이까지 제거, 경기를 24분 만에 마무리했다.  사진=엑스포츠뉴스DB"
"[LCK] 룰러 '펜타킬' 젠지, T1에 완승(종합)",https://imgnews.pstatic.net/image/origin/236/2022/07/30/226128.jpg,https://n.news.naver.com/mnews/article/236/0000226128?sid=10779a79b,https://sports.news.naver.com/news.nhn?oid=236&aid=0000226128,https://n.news.naver.com/sports/esports/article/236/0000226128,포모스,15,0,2022-07-30T13:17:01,2022-07-30T13:15:01,"올해 T1의 상대로 4번의 패배를 기록했던 젠지가 서머 정규 리그 T1과의 마지막 대결에서 승리를 가져갔다. 젠지의 원거리 딜러 ‘룰러’ 박재혁은 2세트 제리를 통해 펜타킬에 성공하며 승리의 기쁨에 배를 더했다. 30일 서울 종로구에 위치한 롤파크에서 진행된 ‘2022 리그 오브 레전드 챔피언스 코리아(LCK)’ 서머 스플릿 7주 4일차 2경기에서 젠지가 T1에 2대 0으로 승리했다. 1세트. 글로벌 궁극기를 중심으로 빠르게 경기를 풀어나가려 한 T1의 공세를 젠지가 막아냈다. 녹턴-트위스티드 페이트와 함께 T1은 사이드 라인에 홀로 있는 아칼리를 끈질기게 노렸고, 아칼리는 쓰러지는 과정에서 라인을 푸쉬하며 상대가 더 큰 이득을 올리는 것을 저지하고 팀원들을 성장시켰다. 결국 잘 성장한 사일러스와 루시안의 화력을 등에 업게 된 젠지는 T1과의 교전에서 승리하고 대형 오브젝트들을 챙긴 젠지는 T1의 넥서스를 철거하는데 성공했다. 2세트. 이른 시간 T1의 트런들이 바텀 지역 갱킹을 통해 제리를 쓰러트렸지만, 젠지의 뽀삐도 바텀 지역으로 가 루시안을 잡아냈다. 바텀 지역에서 T1의 선수들이 젠지를 상대로 싸움을 걸었지만, 젠지 선수들이 이를 흘려내고 아리가 오른을 상대로 킬 포인트를 올렸다. 그 사이 혼자 탑 라인을 푸쉬하던 나르는 포탑 골드를 수급하며 오른과의 성장 격차를 크게 벌렸다. T1 챔피언들은 중앙 지역에 뭉쳐 상대 미드 1차 타워를 철거하며 운영의 기틀을 마련했다. 드래곤 등장 이후 젠지는 두 번째 드래곤 스택을 쌓고 교전에서도 제리가 펜타킬을 기록하며 T1을 다운시켰다. 젠지는 바론 사냥에도 성공하며 승기를 굳혔다. 이후 젠지는 다시 한 번 T1과의 교전에서 제리가 쿼드라 킬을 기록하며 T1을 다시 무릎 꿇렸고, 상대 본진으로 진격해 24분 만에 T1의 넥서스를 다시 철거했다."
"“도발 안 통해” 젠지, T1에 1세트 선취 ‘콩 댄스’는 누가?[SS종로in]",https://imgnews.pstatic.net/image/origin/468/2022/07/30/870054.jpg,https://n.news.naver.com/mnews/article/468/0000870054?sid=10779a79b,https://sports.news.naver.com/news.nhn?oid=468&aid=0000870054,https://n.news.naver.com/sports/esports/article/468/0000870054,스포츠서울,16,0,2022-07-30T13:14:01,2022-07-30T13:13:14,"젠지 선수단.  제공 | LCK [스포츠서울 | 종로=김민규기자]T1의 원거리 딜러 ‘구마유시’ 이민형의 귀여운(?) 도발이 통하지 않았다. 초반에 주춤했지만 젠지는 중후반 힘을 쌓으면서 경기를 승리를 만들었다. 정규시즌 1·2위 결정전에서 젠지가 한발 더 앞서 나갔다. 젠지는 30일 서울 종로구에 위치한 롤 파크에서 진행된 ‘2022 LoL 챔피언스 코리아(이하 LCK)’ 서머 스플릿 7주차 T1과의 경기에서 1세트를 먼저 가져갔다. 초반에 흔들렸지만 후반에 힘을 내며 경기를 뒤집었다.  1세트 초반 T1이 주도권을 잡았다. ‘페이커’ 이상혁이 선취 킬을 올린데 이어 하단에서 ‘룰러’ 박재혁을 잡아내며 연이어 킬을 올렸다. 젠지는 협곡의 전령을 획득해 미드에 풀었지만 T1이 이를 무력화하며 오히려 득점했다. 13분 만에 양 팀의 골드 격차는 3000까지 벌어졌다.   주도권을 잡은 T1은 협곡의 전령을 획득한 뒤 5인이 뭉쳐 젠지의 탑으로 진격해 전령을 풀었고, 1차 포탑을 파괴, 2차 포탑까지 밀어 넣으며 압박했다. 이 과정에서 ‘도란’ 최현준의 ‘아칼리’를 잡았다. T1의 노련한 경기 운영이 돋보였다. T1은 ‘도란’을 지속해서 괴롭혔다. 그러나 젠지의 반격도 있었는데 T1이 4인 다이브를 시도하며 ‘도란’을 잡았지만 ‘페이커’가 잡히며 1:1 킬 교환이 이뤄졌다. 이후에도 ‘오너’와 ‘페이커’가 합작해 ‘도란’을 끊어내며 지속해서 괴롭혔다. 그러나 젠지는 젠지였다. 젠지는 T1의 압박 속에서도 반격의 의지를 다지며 적절하게 반격하며 힘을 키웠다. 23분경 ‘오너’와 ‘페이커’가 바텀에서 또 다시 ‘도란’을 끊었지만 젠지는 미드에서 ‘구마유시’ 이민형을 한방에 터뜨리며 피해를 상쇄했다.  승부처는 31분경 용 앞에서 열린 한타 교전이었다. 조금씩 힘을 쌓은 젠지는 네 번째 영혼의 용을 획득하기 위해 용 앞에서 교전을 열었고 승리했다. 네 번째 영혼의 용을 획득한 젠지는 기세를 멈추지 않고 곧바로 바론으로 향해 바론 버프까지 챙겼다. 바론 버프를 두른 젠지는 미드와 바텀으로 나뉘어 T1을 압박해 들어갔고 T1 본진의 미드 포탑까지 파괴하고 무사히 빠져나갔다. 잠시 숨을 고른 젠지는 바텀 지역으로 돌진했고, 본진에서 방어하던 T1은 젠지의 진격을 막지 못했다. 매서운 기세로 몰아 부친 젠지는 35분 만에 넥서스를 파괴하며 1세트를 승리했다. kmg@sportsseoul.com"
[포토] T1-젠지전 열린 롤파크 LCK 아레나,https://imgnews.pstatic.net/image/origin/347/2022/07/30/165124.jpg,https://n.news.naver.com/mnews/article/347/0000165124?sid=10779a79b,https://sports.news.naver.com/news.nhn?oid=347&aid=0000165124,https://n.news.naver.com/sports/esports/article/347/0000165124,데일리e스포츠,17,0,2022-07-30T13:04:01,2022-07-30T13:04:01,30일 오후 서울 종로구 그랑서울 롤파크 LCK 아레나에서 열린 2022 LCK 서머 7주 차 T1과 젠지e스포츠를 앞두고 많은 팬이 입장했다.
"[포토] '룰러' 박재혁, '루시안으로 POG'",https://imgnews.pstatic.net/image/origin/347/2022/07/30/165123.jpg,https://n.news.naver.com/mnews/article/347/0000165123?sid=10779a79b,https://sports.news.naver.com/news.nhn?oid=347&aid=0000165123,https://n.news.naver.com/sports/esports/article/347/0000165123,데일리e스포츠,18,0,2022-07-30T12:47:01,2022-07-30T12:47:01,30일 오후 서울 종로구 그랑서울 롤파크 LCK 아레나에서 열린 2022 LCK 서머 7주 차 T1과 젠지e스포츠의 1세트서 '룰러' 박재혁이 루시안으로 POG를 받았다.
"[포토] 젠지e스포츠, 'T1전 오늘은 이긴다'",https://imgnews.pstatic.net/image/origin/347/2022/07/30/165122.jpg,https://n.news.naver.com/mnews/article/347/0000165122?sid=10779a79b,https://sports.news.naver.com/news.nhn?oid=347&aid=0000165122,https://n.news.naver.com/sports/esports/article/347/0000165122,데일리e스포츠,19,0,2022-07-30T12:37:01,2022-07-30T12:37:01,30일 오후 서울 종로구 그랑서울 롤파크 LCK 아레나에서 열린 2022 LCK 서머 7주 차 T1과 젠지e스포츠의 경기를 앞두고 젠지 선수들이 무대 위로 입장했다.
"[LCK 서머] 젠지, 빡빡한 운영으로 T1에 역전승..1:0",https://imgnews.pstatic.net/image/origin/442/2022/07/30/152227.jpg,https://n.news.naver.com/mnews/article/442/0000152227?sid=10779a79b,https://sports.news.naver.com/news.nhn?oid=442&aid=0000152227,https://n.news.naver.com/sports/esports/article/442/0000152227,인벤,20,0,2022-07-30T12:32:01,2022-07-30T12:32:01,"젠지 e스포츠가 T1을 상대로 1세트 역전승을 거뒀다. 유독 T1에게 역전 당한 기억이 많은 젠지 e스포츠였기에, 더 의미가 큰 승리였다.  선취점은 T1이 챙겼다. 트위스티드 페이트(이하 트페)를 선택한 '페이커' 이상혁의 첫 궁극기가 킬로 이어졌다. T1의 득점은 이어졌다. 젠지 e스포츠의 봇 갱킹을 제대로 받아쳐 '룰러' 박재혁의 루시안을 잡았다. 젠지 e스포츠 입장에선 설상가상으로 미드에 푼 협곡의 전령이 박치기에 실패했다. 글로벌 골드는 13분 만에 3,000까지 벌어졌다.   T1은 탑 다이브로 '도란' 최현준의 아칼리를 잡았고, 협곡의 전령을 풀어 2차 타워까지 압박했다. 아칼리가 다수의 적에게 둘러 쌓인 상황에서 트페를 데려가는 좋은 플레이를 해내긴 했지만, 이후 세 번째 드래곤을 앞두고 잘리는 바람에 드래곤 스택이 끊긴 게 더 치명적이었다. 젠지 e스포츠는 무리하게 킬각을 노린 '제우스' 최우제의 그웬을 잡으며 조금이나마 손해를 메웠다.  수세에 몰린 젠지 e스포츠는 1-3-1로 라인 수비에 집중하면서 더 이상의 차이가 벌어지는 것을 막았다. 그러던 와중에 미드에 서있던 '구마유시' 이민형의 아펠리오스를 한방에 터트렸다. 전리품으로 3용도 챙겼다. 격차는 다시 줄었다. 운명을 가를 젠지 e스포츠의 4용 타이밍이 점점 다가오고 있었다.  30분 경, 마법 공학 드래곤의 영혼이 등장했다. 대치 구도에서 '피넛' 한왕호의 스카너가 궁극기로 그웬을 낚아챘고, 녹이는데 성공했다. 전투는 당연히 젠지 e스포츠의 승리였다. 젠지 e스포츠는 드래곤 영혼에 바론까지 챙겼고, 게임은 뒤집혔다. 순식간에 젠지 e스포츠가 4,000 골드를 리드했다.  정비 후 봇으로 달린 젠지 e스포츠는 그웬을 잘랐고, 쌍둥이 타워로 진격했다. 나미의 버프를 받은 '룰러'는 룰루를 순간 삭제하는 화려한 장면을 연출하기도 했다. 그렇게 T1의 챔피언을 일망타진한 젠지 e스포츠는 그대로 경기를 마무리했다."
"데프트 꺾은 '프린스' 이채환 ""베인, 단점이 많은 챔피언"" [LCK]",https://imgnews.pstatic.net/image/origin/311/2022/07/30/1482769.jpg,https://n.news.naver.com/mnews/article/311/0001482769?sid=10779a79b,https://sports.news.naver.com/news.nhn?oid=311&aid=0001482769,https://n.news.naver.com/sports/esports/article/311/0001482769,엑스포츠뉴스,21,0,2022-07-30T12:31:01,2022-07-30T12:31:01,"(엑스포츠뉴스 최지영기자) '프린스' 이채환이 DRX 승리에 기쁨을 드러냈다.  30일 서울 종로 롤파크에서는 '2022 LCK 서머' 2라운드 DRX 대 리브 샌박의 맞대결이 진행됐다. 이날 리브 샌박은 DRX를 상대로 2대 1 승리를 거두면서 9승 고지를 달성했다. 어려웠던 상황에서 역전승을 거둔 리브 샌박은 3세트에서 완벽한 경기력을 보여주며 플옵에 한 발짝 다가갔다.  특히 원딜러 간의 대결이 관전 포인트였던 이번 경기. '프린스' 이채환은 3세트 시비르로 킬을 쓸어담으며 하드캐리를 선보였다.  그는 경기 후 진행된 라이엇 공식 인터뷰에서 ""농심전을 져서 매경기 중요해졌다. 이겨서 굉장히 다행이라고 생각한다""며 승리 소감을 전했다. 이채환은 '롤도사' 베릴 사진을 올린 것에 ""내 배경화면이 6월 27일 이후로 DRX 롤도사 짤이다 그래서 오늘 일어나서도 베릴에게 롤도사 짤을 보내니까 이모티콘을 보내더라""고 남다른 친분을 전달했다.  1세트 대역전각을 만든 리브 샌박. 그는 1세트 대역전승의 순간에 ""내가 데프트 선수에게 역으로 솔킬을 당했는데 느낌이 살짝 이상했다. 그래도 나의 바론 깜짝 오더로 골드를 많이 따라갈 수 있었다""고 털어놨다. 제리쇼를 보여준 이채환은 ""두 번째 바론 교전에서 상대가 나를 견제하지 않았다. 좀 때리면서 앞라인도 핑퐁을 잘해줬다. 앞라인을 잘 잡았던 것 같다""며 한타 대승을 복귀했다.  2세트 제리 상대로 코그모를 꺼내든 리브 샌박 그는 ""시비르와 코그모 중에 고민했다. 연습 과정에서 내 코그모가 강력했다. 그래서 팀원들도 코그모를 원하기도 했다""고 픽 배경을 설명했다.  그는 2세트 피드백으로 ""30분 이상으로 갔을 때 내가 딜을 넣기 힘들었다는 말과 3세트 진영 선택권이 우리에게 있었다는 정도만 이야기 나눴다""고 밝혔다.  3세트 DRX는 원딜 베인을 꺼내들었다. 이채환은 이에 대해 ""나도 중간중간 베인을 했었다. 단점이 많은 챔이다. 그래서 그 부분을 파고 들었고 유리하게 가져할 수 있었다""고 전했다.  그는 최근 1티어로 급부상한 시비르에 대해선 ""시비르 자체는 밴픽에 따라 먼저 뽑을 수 있고 상성 보고 선택할 수도 있다. 굉장히 캐리력이 있는 챔이다""고 강조했다.  이채환은 다음 경기 담원 기아전 각오로 ""실력적으로 농심전을 져서 승수를 따라 잡을 수 있고 따라 잡힐 수 도 있다. 그래도 플옵 때 다 만나야하는 팀이니 단점을 보완하고 장점을 극대화하겠다""고 다짐했다.   사진=엑스포츠뉴스DB"
[포토] 젠지를 상대하는 T1,https://imgnews.pstatic.net/image/origin/347/2022/07/30/165121.jpg,https://n.news.naver.com/mnews/article/347/0000165121?sid=10779a79b,https://sports.news.naver.com/news.nhn?oid=347&aid=0000165121,https://n.news.naver.com/sports/esports/article/347/0000165121,데일리e스포츠,22,0,2022-07-30T12:31:01,2022-07-30T12:31:01,30일 오후 서울 종로구 그랑서울 롤파크 LCK 아레나에서 열린 2022 LCK 서머 7주 차 T1과 젠지e스포츠의 경기를 앞두고 T1 선수들이 무대 위로 입장했다.
"[LCK] 젠지, 버티기에 성공하며 T1에 1대0 리드",https://imgnews.pstatic.net/image/origin/347/2022/07/30/165120.jpg,https://n.news.naver.com/mnews/article/347/0000165120?sid=10779a79b,https://sports.news.naver.com/news.nhn?oid=347&aid=0000165120,https://n.news.naver.com/sports/esports/article/347/0000165120,데일리e스포츠,23,0,2022-07-30T12:29:01,2022-07-30T12:28:01,후반 뒷심을 보여준 젠지e스포츠가 T1을 상대로 기선 제압에 성공했다.  젠지는 30일 오후 서울 종로구 그랑서울 롤파크 LCK 아레나에서 열린 2022 LCK 서머 7주 차 T1과의 1세트서 '룰러' 박재혁의 루시안 활약으로 승리했다.  경기 초반 바텀 교전서 '구마유시' 이민형의 아펠리오스가 '리헨즈' 손시우의 나미를 잡은 T1은 경기 10분에는 '오너' 문현준의 녹턴이 궁극기로 갱킹을 가담해 '룰러' 박재혁의 루시안을 끊었다.  젠지의 전령을 피해없이 막은 T1은 탑에서는 '도란' 최현준의 아칼리를 정리했다. 전령을 활용해 포탑 골드를 얻은 T1은 '도란'의 아칼리를 두 번 처치하며 성장을 끊어냈다.  T1의 화력에 수비적으로 나섰던 젠지는 미드 1차 포탑을 지켜냈다. 이어 경기 26분 미드 교전서 '룰러'의 루시안이 '구마유시'의 아펠리오스를 끊었고 드래곤 3스택을 쌓는 데 성공했다. 미드 1차 포탑을 수성한 젠지는 경기 30분 오브젝트 싸움서 T1의 2명을 제압했다.  마법 공학 드래곤 영혼을 가져온 젠지는 바론 버프까지 여유있게 가져왔다. T1의 바텀 포탑을 밀어낸 젠지는 상대 미드 3차 포탑까지 파괴했다. 결국 젠지는 T1의 본진에 들어가 수비하던 병력을 제압하며 경기를 매듭지었다.
"'잘컸다! 쵸일러스' 젠지, 잘 큰 구마유시 터트리며 '1세트 승리' [LCK]",https://imgnews.pstatic.net/image/origin/311/2022/07/30/1482768.jpg,https://n.news.naver.com/mnews/article/311/0001482768?sid=10779a79b,https://sports.news.naver.com/news.nhn?oid=311&aid=0001482768,https://n.news.naver.com/sports/esports/article/311/0001482768,엑스포츠뉴스,24,0,2022-07-30T12:27:01,2022-07-30T12:27:01,"(엑스포츠뉴스 최지영기자) 젠지가 체급을 결국 키워 대 역전승을 만들었다.  30일 서울 종로 롤파크에서는 '2022 LCK 서머' 2라운드 T1 대 젠지의 최상위권 맞대결이 성사됐다. 이날 T1에서는 '제우스' 최우제, '오너' 문현준, '페이커' 이상혁, '구마유시' 이민형, '케리아' 류민석이 출전했다. 젠지에서는 '도란' 최현준, '피넛' 한왕호, '쵸비' 정지훈, '룰러' 박재혁, '리헨즈' 손시우가 등장했다. 1세트에서 T1은 그웬, 녹턴, 트페, 아펠리오스, 룰루를 픽했다. 젠지는 아칼리, 스카너, 사일러스, 루시안, 나미를 골랐다. 초반 T1이 탑, 봇을 밀어붙이며 차이를 벌렸고 페이커의 봇 로밍이 성공하면서 구마유시가 킬을 가져갔다. 그 결과 원딜 차이는 극심하게 벌어졌다. 그래도 젠지는 전령과 용을 챙기면서 손해를 매꿨다. T1이 기세를 잡았다. 젠지의 노림수를 받아친 T1은 오히려 역공을 펼치며 룰러까지 잡아냈다. 추가로 T1은 전령까지 완벽하게 막아내고 젠지를 휘둘렀다. 페이커와 오너는 손잡고 사이드 이득을 보면서 젠지의 유일한 희망이었던 드래곤 스택까지 저지시켰다. 젠지도 그냥 무너지지 않았다. 미드 1차 수비를 계속 성공시키면서 불리하지만 끝까지 끌고갔다.  중요한 다섯번째 마법 공학 용이 나왔고 양 팀 모두 용에 집중했다. 체급을 결국 키운 젠지는 단숨에 제우스와 구마유시를 잡아내며 영혼을 챙겼다.  바론 버프로 큰 이득을 취한 젠지는 미드, 봇으로 돌진했고 억제기 2개를 손쉽게 터트렸다. 젠지는 멈추지 않았다. 젠지는 쌍둥이를 터트리며 T1을 잡아먹었고 그대로 게임을 끝냈다.   사진=엑스포츠뉴스DB"
"[LCK] 젠지, T1의 글로벌 궁극기 공세 막아내며 1세트 승리",https://imgnews.pstatic.net/image/origin/236/2022/07/30/226127.jpg,https://n.news.naver.com/mnews/article/236/0000226127?sid=10779a79b,https://sports.news.naver.com/news.nhn?oid=236&aid=0000226127,https://n.news.naver.com/sports/esports/article/236/0000226127,포모스,25,0,2022-07-30T12:27:01,2022-07-30T12:27:01,"글로벌 궁극기를 이용한 T1의 공세를 받아낸 젠지가 첫 세트를 가져갔다. 30일 서울 종로구에 위치한 롤파크에서 진행된 ‘2022 리그 오브 레전드 챔피언스 코리아(LCK)’ 서머 스플릿 7주 4일차 2경기 1세트에서 젠지가 T1에 승리했다. 양 팀이 팽팽한 긴장감 속 경기를 치르던 중, 바텀 지역에 지원간 트위스티드 페이트가 나미를 상대로 킬 포인트를 올리며 T1이 선취점을 가져갔다. 트위스티드 페이트는 라인으로 귀환하는 것이 아니라 바텀 듀오가 포탑 골드를 수급하는 것에 힘을 실어주었다. T1은 녹턴 트위스티드 페이트가 재차 바텀 지역으로 가 이번에는 루시안을 쓰러트렸다. 첫 전령을 획득한 젠지는 미드 지역에 전령을 소환했지만 합류한 T1의 챔피언들이 타워에 닿기 전 전령을 잡아내며 T1이 초반 주도권을 가져갔다. 트위스티드 페이트와 녹턴을 필두로 T1의 선수들은 모든 선수들이 뭉쳐다니며 젠지 선수들을 괴롭혔다. 정신 없는 상황 속 젠지는 한 발 앞서가는 T1의 뒤를 쫓아갔고, 바텀 지역에서 T1의 선수들에게 공격 받은 아칼리는 홀로 쓰러지지 않고 트위스티드 페이트를 잡아내며 T1이 원하는대로 경기를 풀어나가는 것에 제동을 걸었다. 그러나 T1은 계속해서 바텀 라인을 푸쉬하는 아칼리를 잡아냈고, 그 사이 사일러스는 탑 라인에서 어려움 없이 성장하며 트위스티드 페이트와의 성장 격차를 벌렸다. 젠지의 반격도 만만치 않았다. 젠지는 중앙 지역을 홀로 수성하고 있던 아펠리오스를 잡아내고 세 번째 드래곤 스택을 쌓았다. 양 팀은 미드 수성에 힘을 실으며 미드 1차 타워가 철거되지 않도록 노력했다. 그러던 중 마법공학 드래곤이 등장했고, 젠지는 교전에서 승리를 거둔 뒤 마법공학 드래곤의 영혼과 미드 1차 타워를 철거했다. 이에 그치지 않고 바론 버프를 몸에 두르는 데도 성공하며 한순간에 큰 이득을 올렸다. 흐름을 잡은 젠지는 강하게 T1을 압박하기 시작하며 억제기를 철거했고, 상대 본진에서 치러진 교전에서도 승리하며 결국 1세트를 승리로 장식했다."
"[포토] '페이커' 이상혁, '많은 팬이 왔네요'",https://imgnews.pstatic.net/image/origin/347/2022/07/30/165119.jpg,https://n.news.naver.com/mnews/article/347/0000165119?sid=10779a79b,https://sports.news.naver.com/news.nhn?oid=347&aid=0000165119,https://n.news.naver.com/sports/esports/article/347/0000165119,데일리e스포츠,26,0,2022-07-30T12:17:01,2022-07-30T12:17:01,30일 오후 서울 종로구 그랑서울 롤파크 LCK 아레나에서 열린 2022 LCK 서머 7주 차 T1과 젠지e스포츠의 경기를 앞두고 T1 '페이커' 이상혁이 주위를 둘러보고 있다.
"[포토] '페이커' 이상혁, '내가 '쵸비'에게는 앞서지'",https://imgnews.pstatic.net/image/origin/347/2022/07/30/165118.jpg,https://n.news.naver.com/mnews/article/347/0000165118?sid=10779a79b,https://sports.news.naver.com/news.nhn?oid=347&aid=0000165118,https://n.news.naver.com/sports/esports/article/347/0000165118,데일리e스포츠,27,0,2022-07-30T12:05:01,2022-07-30T12:05:01,30일 오후 서울 종로구 그랑서울 롤파크 LCK 아레나에서 열린 2022 LCK 서머 7주 차 T1과 젠지e스포츠의 경기를 앞두고 '페이커' 이상혁이 세팅을 하고 있다.
"[LCK 서머] '프린스' 이채환, ""담원 운영 강한 팀, 준비 잘 해오겠다""",https://imgnews.pstatic.net/image/origin/442/2022/07/30/152226.jpg,https://n.news.naver.com/mnews/article/442/0000152226?sid=10779a79b,https://sports.news.naver.com/news.nhn?oid=442&aid=0000152226,https://n.news.naver.com/sports/esports/article/442/0000152226,인벤,28,0,2022-07-30T12:01:01,2022-07-30T12:01:01,"리브 샌드박스가 30일 종각 롤파크에서 열린 '2022 LoL 챔피언스 코리아(이하 LCK)' 서머 스플릿 정규 시즌 34일 차 1경기에서 DRX를 2:1로 제압했다. 이번 승리로 리브 샌드박스는 담원 기아와 같은 9승 고지에 오르며 3위 자리를 위협할 수 있게 됐다.  경기 후 인벤과의 인터뷰에 응한 '프린스' 이채환은 ""지난 농심전은 실수나 부족한 점이 적나라하게 드러난 경기였다. 라인전에서 상대 정글을 의식하지 못하거나, 각자의 역할에서 판단 미스가 나오는 그런 부분을 고치자는 이야기를 많이 했다""고 전했다.  최근 승리의 아이콘으로 거듭하고 있는 제리에 대해선 ""단편적으로 이야기하기엔 조합이나 밴픽에 따라 차이가 너무 크다""며 ""오늘은 상대가 가져가도 대처할 픽이 있었고, 가져가지 않으면 우리가 가져오자는 생각으로 1, 2세트에 제리를 풀었다""고 설명했다.  리브 샌드박스는 2세트서 제리를 풀고, 코그모-룰루를 꺼냈지만, 아쉽게 패했다. '프린스'는 ""코그모-룰루의 플레이나 밴픽의 문제라고 보지는 않았다. 진 이유야 여러가지가 있었겠지만, 우리가 블루 사이드를 선택해 3세트를 진행할 거였기 때문에 간단하게만 피드백하고 넘어갔다""고 이야기했다.  3세트에서는 시비르-베인 구도가 나왔다. 베인 픽을 예상했는지 묻자 그는 ""시비르 상대로 베인이 좋다는 말은 예전부터 있었지만, 예상은 못 했다. 상대가 베인을 뽑고 우리 조합을 보니까 나름 활약하기 괜찮겠다 싶었다""며 ""베인의 단점을 최대한 활용하자는 생각으로 운영했다""고 답했다.  당시 리브 샌드박스는 라인 스왑 판단으로 크게 득점했는데, '프린스'는 ""결과적으로 봤을 때는 우리가 베인 상대로 라인전 하는 걸 기피하는 것처럼 보였을 수도 있다. 근데, 우리의 판단은 봇에 라인이 쌓였고, 싸우기도 괜찮은 상황이었기 때문에 전령을 먹고 탑을 돌파하자는 거였다. 베인-시비르 상성은 인지했지만, 그걸 노리고 한 플레이는 아니었다""고 전했다.  리브 샌드박스는 오늘 승리로 담원 기아와 승패를 동률로 맞췄다. 다음 상대는 마침 담원 기아로, 3위 결정전이 될 가능성이 높다. '프린스'는 ""담원 기아가 운영 쪽에서는 1, 2등이라고 해도 손색 없는 팀이다. 그런 부분에서 준비를 잘 해와야 이길 수 있을 것 같다""며 ""시즌 막바지라 팬분들께서 한판 한판 지는 걸 많이 안타까워 하신다. 최선을 다하고 있으니, 많은 응원 부탁드린다""고 각오를 다졌다."
[포토] '룰러' 박재혁 '내 앞에서 콩댄스를 춘다고?',https://imgnews.pstatic.net/image/origin/347/2022/07/30/165117.jpg,https://n.news.naver.com/mnews/article/347/0000165117?sid=10779a79b,https://sports.news.naver.com/news.nhn?oid=347&aid=0000165117,https://n.news.naver.com/sports/esports/article/347/0000165117,데일리e스포츠,29,0,2022-07-30T13:19:01,2022-07-30T11:59:01,30일 오후 서울 종로구 그랑서울 롤파크 LCK 아레나에서 열린 2022 LCK 서머 7주 차 T1과 젠지e스포츠의 경기를 앞두고 '룰러' 박재혁이 손을 풀고 있다.
[포토] '페이커'와 대결하는 '쵸비' 정지훈,https://imgnews.pstatic.net/image/origin/347/2022/07/30/165116.jpg,https://n.news.naver.com/mnews/article/347/0000165116?sid=10779a79b,https://sports.news.naver.com/news.nhn?oid=347&aid=0000165116,https://n.news.naver.com/sports/esports/article/347/0000165116,데일리e스포츠,30,0,2022-07-30T11:57:01,2022-07-30T11:57:01,30일 오후 서울 종로구 그랑서울 롤파크 LCK 아레나에서 열린 2022 LCK 서머 7주 차 T1과 젠지e스포츠의 경기를 앞두고 '쵸비' 정지훈이 손을 풀고 있다.
[포토] 디알엑스에 승리한 리브 샌드박스,https://imgnews.pstatic.net/image/origin/347/2022/07/30/165115.jpg,https://n.news.naver.com/mnews/article/347/0000165115?sid=10779a79b,https://sports.news.naver.com/news.nhn?oid=347&aid=0000165115,https://n.news.naver.com/sports/esports/article/347/0000165115,데일리e스포츠,31,0,2022-07-30T11:51:01,2022-07-30T11:51:01,리브 샌박이 30일 오후 서울 종로구 그랑서울 롤파크 LCK 아레나에서 열린 2022 LCK 서머 7주 차 디알엑스와의 경기서 2대1로 승리했다.
"[LCK] '프린스' 이채환 ""1세트 바론 오더, 나의 콜에서부터 역전 시작""",https://imgnews.pstatic.net/image/origin/236/2022/07/30/226126.jpg,https://n.news.naver.com/mnews/article/236/0000226126?sid=10779a79b,https://sports.news.naver.com/news.nhn?oid=236&aid=0000226126,https://n.news.naver.com/sports/esports/article/236/0000226126,포모스,32,0,2022-07-30T11:51:01,2022-07-30T11:51:01,"‘프린스’ 이채환이 DRX의 1세트 역전의 발판이 자신의 오더에서 나왔음을 밝혔다. 30일, 리브 샌박이 DRX에 2대 1로 승리했다. 원거리 딜러간의 화끈한 캐리 대결이 풍성한 볼거리를 제공한 가운데, 단독 POG에 선정된 ‘프린스’ 이채환이 승리의 기쁨을 나눴다. 승리 소감으로 “농심전을 졌기 때문에 매 경기가 더욱 중요해지고 있었다”며 승리가 기쁘다고 말한 이채환. 이날 경기에서는 1세트부터 대역전극이 일어났다. 역전의 발판이 무엇이었냐는 질문에 그는 “데프트 선수에게 킬을 따일 때부터 게임이 역으로 갈 수 있는 상황이었다”고 말하며, “바론 오더를 제가 하며 골드를 따라갈 수 있었다”고 이야기했다. 바론 교전에서 맹활약을 펼친 부분과 관련해 그는 “상대가 저에 대한 견제가 아예 없었다. 상대 위치의 밸런스가 무너졌고, 저희 앞라인도 어그로 핑퐁을 잘해줬기 때문에 이길 수 있었다”는 생각을 전했다. 2세트에서는 상대에게 제리를 허용하고 코그모-룰루로 맞받아쳐다. 그는 “시비르와 코그모 중 고민하고 있던 상황이었다. 연습 과정에서 코그모가 더 좋았기 때문에 팀원들과 코그모를 하자는 이야기가 나왔다”고 답했다. 다음 주차 상대는 DK와 KT다. 이채환은 “실력적으로 농심전을 졌기 때문에 더 많은 경우의 수가 생겼다. 어차피 이겨야하는 팀들이기 때문에 단점은 보완하고 장점 살려고 재밌게 게임해보도록 하겠다”는 각오를 다졌다. 마지막으로 그는 “응원해주시는 팬들에게 감사드린다. 오늘 은행 더비 이겨서 더 기분 좋다”는 메시지를 전하며 인터뷰를 마쳤다."
"[LCK] '프린스' 이채환, ""'롤도사' 배경 화면? 도술 방지 위해""",https://imgnews.pstatic.net/image/origin/347/2022/07/30/165114.jpg,https://n.news.naver.com/mnews/article/347/0000165114?sid=10779a79b,https://sports.news.naver.com/news.nhn?oid=347&aid=0000165114,https://n.news.naver.com/sports/esports/article/347/0000165114,데일리e스포츠,33,0,2022-07-30T11:45:01,2022-07-30T11:45:01,"디알엑스를 꺾고 3위 담원 기아와의 격차를 좁힌 리브 샌드박스 '프린스' 이채환이 남은 경기서 선전을 다짐했다. 리브 샌박은 30일 오후 서울 종로구 그랑서울 롤파크 LCK 아레나에서 열린 2022 LCK 서머 7주 차 디알엑스와의 경기서 2대1로 승리했다.  시즌 9승 5패(+6)를 기록한 리브 샌박은 3위 담원 기아(9승 5패, +10)를 득실 차로 압박했다. 2연패에 빠진 디알엑스는 시즌 7승 7패(-1)를 기록했다.  이채환은 경기 후 인터뷰서 ""농심 레드포스전을 패해서 매 경기가 중요해졌다. 오늘 중요한 경기 중 하나였던 디알엑스를 잡아서 기분 좋다""며 ""(POG 공동 2위에 오른 소감에 대해선) POG 욕심이 안나면 거짓말이겠지만 점수를 높게 쌓아야겠다는 생각은 안 하고 있었다. 하지만 '클로저'가 '형 순위에서 멀찌기 1위였다가 순위에서 사라졌다. 점수 좀 쌓아야겠다'고 하더라. '클로저'가 바텀을 잘 봐준 거 같아 고맙다""고 했다.  오늘 경기를 앞두고 '베릴' 조건희(디알엑스)의 이미지를 SNS에 올린 그는 ""6월 27일 이후로 '롤도사' 이미지로 컴퓨터 배경화면을 설정했다""며 ""도사의 도술을 방지하기 위해 준비를 철저히 했다. 오늘도 이미지를 보냈는데 이모티콘으로 응답했다""며 웃음을 지어 보였다.  담원 기아, kt 롤스터와의 8주 차 경기를 앞두고 있는 이채환은 ""실력으로 농심전을 패해 밑의 팀에게 따라잡힐 수 있지만 실력으로 이겨야 한다고 생각한다""며 ""장점을 잘 살려서 승리할 수 있도록 하겠다""고 다짐했다."
[LCK] ‘e스포츠 은행 더비’…리브 샌박이 또 웃었다,https://imgnews.pstatic.net/image/origin/109/2022/07/30/4668683.jpg,https://n.news.naver.com/mnews/article/109/0004668683?sid=10779a79b,https://sports.news.naver.com/news.nhn?oid=109&aid=0004668683,https://n.news.naver.com/sports/esports/article/109/0004668683,OSEN,34,0,2022-07-30T11:17:03,2022-07-30T11:17:03,"[OSEN=종로, 고용준 기자] 1라운드에 이어 2라운드에서도 은행 더비의 승자는 리브 샌드박스였다. 리브 샌박이 갈 길 바쁜 디알엑스를 제압하고 담원의 턱 밑까지 쫓아갔다. 리브 샌박은 30일 오후 서울 종로 롤파크 LCK아레나에서 열린 ‘2022 LOL 챔피언스 코리아(이하 LCK)’ 서머 디알엑스와 2라운드 경기서 ‘프린스’ 이채환이 1세트 제리, 3세트 시비르로 활약하면서 2-1로 승리했다. 이로써 리브 샌박은 시즌 9승(5패 득실 +6)째를 올리면서 담원과 승차없는 4위가 됐다. 시즌 7패째를 당한 디알엑스는 5위 KT와 격차가 한 경기 차이로 벌어졌다. 리브 샌박이 불리하던 상황에서 상대의 실수를 놓치지 않고 쫓아가면서 대역전승으로 1세트를 기분 좋게 출발했다. 유리하던 디알엑스는 바론 한타에서 ‘킹겐’ 황성훈의 나르가 이해 안되는 플레이로 전열에서 이탈, 무기력하게 무너지면서 역전패의 빌미를 제공했다. 디알엑스가 2세트를 만회해 승부는 1-1 원점이 됐지만, 마지막에 웃는 팀은 리브 샌박이었다. 돌진 조합을 꾸린 리브 샌박은 조합의 강점을 살리는 교전을 연이어 걸면서 우위를 점했다. 첫 번째 드래곤 한타에 이어 협곡의 전령 전투까지 이득을 차곡차곡 쌓아올린 리브 샌박은 20분 이전에 디알엑스를 압도했다. 드래곤의 영혼을 완성한 리브 샌박은 내셔 남작의 바론 버프까지 여유있게 가져가면서 은행 더비 승리의 마침표를 찍었다. / scrapper@osen.co.kr"
"‘DRX 서부 진입 안 돼’ 샌드박스, DRX에 2-1 승리 ‘4위’ 수성[SS종로in]",https://imgnews.pstatic.net/image/origin/468/2022/07/30/870044.jpg,https://n.news.naver.com/mnews/article/468/0000870044?sid=10779a79b,https://sports.news.naver.com/news.nhn?oid=468&aid=0000870044,https://n.news.naver.com/sports/esports/article/468/0000870044,스포츠서울,35,0,2022-07-30T11:12:01,2022-07-30T11:11:28,"리브 샌드박스 선수단이 30일 DRX와의 대결에서 2-1로 승리한 후 기념촬영을 하고 있다.  종로=김지윤 기자 merry0619@sportsseoul.com [스포츠서울 | 종로=김민규기자]리브 샌드박스가 서부로의 도약을 노리던 DRX를 누르며 ‘서부의 힘’을 보여줬다. DRX 입장에선 1세트에서 당한 역전패가 더 아프게 다가왔다. 샌드박스는 이날 승리로 4위를 유지하며 플레이오프 진출에 바짝 다가섰다.   샌드박스는 30일 서울 종로구에 위치한 롤 파크에서 진행된 ‘2022 LoL 챔피언스 코리아(이하 LCK)’ 서머 스플릿 7주차 DRX와의 대결에서 세트스코어 2-1로 승리를 수확했다. 1세트에 거둔 역전승리가 주요했다. 1세트 초반 끌려가던 샌드박스는 ‘클로저’ 이주현과 ‘프린스’ 이채환의 후반 캐리에 힘입어 값진 역전승을 거뒀다. 샌드박스 조합의 후반 강점이 두드러진 경기였다. 1세트 초반은 DRX가 주도권을 잡고 샌드박스를 괴롭혔다. DRX가 선취 킬에 이어 매복 플레이로 킬을 앞서 나가며 흐름을 가져갔다. 여기에 ‘데프트’ 김혁규의 슈퍼플레이까지 더해지며 사실상 승기가 DRX로 기울었다.  그러나 샌드박스는 쉽게 패배를 허용치 않았다. DRX가 잠시 긴장을 늦춘 사이 바론을 획득한 것이 역전의 발판이 됐다. 추격의 발판을 마련한 샌드박스는 DRX를 중간 중간 끊으며 따라가기 시작했고 DRX의 네 번째 용 획득마저 끊어냈다. 마음이 급했던 것일까. 쫓긴 DRX는 바론으로 향했고 기회를 보던 샌드박스가 바론 앞 교전에서 에이스를 띄우며 경기 흐름을 뒤집었고 글로벌 골드도 역전시켰다. 승기를 잡은 샌드박스는 속도를 늦추지 않고 DRX의 본진으로 돌격했고 역전으로 1세트를 챙겼다. 리브 샌드박스의 원거리 딜러 ‘프린스’ 이채환.  제공 | LCK 2세트는 DRX가 ‘제리’를 ‘제리’ 응수해 승리하며 승부를 원점으로 돌렸다. 이전 1세트에서 샌드박스의 원거리 딜러 ‘프린스’ 이채환의 ‘제리’의 성장에 역전패했던 DRX는 2세트에서 ‘데프트’ 김혁규가 ‘제리’로 샌드박스를 뒤흔드며 승리했다. ‘데프트’의 잘 큰 ‘제리’는 빠르게 코어 아이템을 맞추며 경기를 주도해 나갔다. 바론 앞 한타 교전에서 ‘제리’의 활약에 DRX가 대승을 거뒀고 바론까지 획득했다. 확실한 승기를 잡은 DRX는 공격 템포를 늦추지 않고 샌드박스를 압박했다. 조합의 힘을 잃은 샌드박스는 무기력했고 이미 승부를 뒤집기엔 역부족이었다. 손쉽게 네 번째 영혼의 용까지 챙긴 DRX가 샌드박스의 본진으로 밀고 들어갔고 38분 만에 넥서스를 파괴하며 2세트를 따냈다.   마지막 3세트, 샌드박스의 원거리 딜러 ‘프린스’는 ‘시비르’를 DRX의 ‘데프트’는 ‘베인’을 뽑으며 승부수를 띄웠다. 첫 선취 킬은 ‘데프트’가 ‘카엘’을 자르며 가져갔다. 기분 좋게 출발했던 DRX는 11분경 사고가 발생했다. 샌드박스가 4인 다이브를 시도했고 ‘킹겐’에 이러 ‘제카’와 ‘베릴’까지 끊었다. 이어 샌드박스는 ‘도브’가 ‘킹겐’을 솔로 킬을 냈고 15분경 미드에서 열린 대규모 교전에서 킬을 쓸어 담으며 승기를 잡았다. 흐름을 잡은 샌드박스는 ‘데프트’의 ‘베인’ 자르기를 계속 시도했고 탑과 바텀에서 2킬을 올린 샌드박스는 ‘프린스’ 이채환의 ‘시비르’가 11킬을 쓸어 담았다. 25분 경 두 팀의 골드 격차는 1만까지 벌어졌다. DRX로선 이미 기울어진 경기를 뒤집기엔 역부족이었다. 샌드박스가 바론을 획득한 후 그대로 DRX의 본진으로 진격, 넥서스를 파괴하며 승리에 마침표를 찍었다. kmg@sportsseoul.com"
"'구마유시, 룰러 서열정리 가나? T1-젠지 베스트 라인업 출격 [LCK]",https://imgnews.pstatic.net/image/origin/311/2022/07/30/1482732.jpg,https://n.news.naver.com/mnews/article/311/0001482732?sid=10779a79b,https://sports.news.naver.com/news.nhn?oid=311&aid=0001482732,https://n.news.naver.com/sports/esports/article/311/0001482732,엑스포츠뉴스,36,0,2022-07-30T11:04:01,2022-07-30T11:04:01,"(엑스포츠뉴스 최지영기자) T1과 젠지의 빅매치가 열린 가운데 양 팀 모두 베스트 라인업으로 출격한다.  30일 서울 종로 롤파크에서는 '2022 LCK 서머' 2라운드 T1 대 젠지의 최상위권 대결이 펼쳐진다. 12승 팀들의 만남으로 사실상 1위 결정전 경기다. 스프링에 이어 젠지에게 유독 강한 모습을 보여준 T1. 그리고 최근 무서운 기세를 탄 젠지는 T1에게 당한 복수를 꿈꾸고 있다. T1은 T1이다. 세트를 내주더라도 결국 승리를 쟁취했다. 이에 T1은 젠지를 상대로 '제우스' 최우제, '오너' 문현준, '페이커' 이상혁, '구마유시' 이민형, '케리아' 류민석을 선발로 등장시킨다. DRX를 2대0으로 격파하며 기세를 최고조로 쌓은 젠지에서는 '도란' 최현준, '피넛' 한왕호, '쵸비' 정지훈, '룰러' 박재혁, '리헨즈' 손시우가 출격한다. 최근 시비르가 급부상한 가운데 원딜 티어 정리도 새롭게 바꼈다. 특히 구마유시는 인터뷰를 통해 원딜 서열정리를 예고한 바 있다. 과연 구마유시가 룰러를 상대로 어떤 플레이를 펼칠지가 관건이다. 사진=엑스포츠뉴스DB"
"‘프린스’ 활약한 LSB, DRX 잡고 9승 신고",https://imgnews.pstatic.net/image/origin/005/2022/07/30/1543304.jpg,https://n.news.naver.com/mnews/article/005/0001543304?sid=10779a79b,https://sports.news.naver.com/news.nhn?oid=005&aid=0001543304,https://n.news.naver.com/sports/esports/article/005/0001543304,국민일보,37,0,2022-07-30T10:50:02,2022-07-30T10:50:02,"리브 샌드박스가 ‘프린스’ 이채환의 활약에 힘입어 시즌 9승째를 신고했다. 리브 샌박은 30일 서울 종로구 LCK 아레나에서 열린 ‘2022 LoL 챔피언스 코리아(LCK)’ 서머 시즌 정규 리그 2라운드 경기에서 DRX에 2대 1로 승리했다. 이날 승리로 9승5패(+6)를 기록했다. 순위표에선 4위 자리에 머물렀지만, 3위 담원 기아(9승5패 +10)와의 격차를 좁히는 데 성공했다. 원거리 딜러 이채환이 1세트 제리, 3세트 시비르로 좋은 활약을 펼친 게 승인이었다. 이채환은 1세트 때 11킬 2데스 4어시스트, 3세트 때 13킬 1데스 9어시스트로 팀 승리를 견인했다. 이채환이 프리 딜을 넣을 수 있도록 다른 선수들이 좋은 환경을 마련한 것도 주효했다. 바텀이 이날의 화약고였다. 양 팀은 화제의 챔피언 제리를 활용해 각각 세트승 한 번씩을 챙겼다. 리브 샌박이 1세트에 제리로 재미를 보자 2세트 땐 DRX가 챔피언을 뺏어와 반격했다. 리브 샌박은 코그모·룰루 조합으로 응수했으나 패배했다. 3세트 때도 양 팀이 원거리 딜러 쪽에서 깜짝 픽을 꺼냈다. 리브 샌박은 시비르, DRX는 베인을 선보였다. 리브 샌박의 선택이 옳았다. 시비르의 강점, 라인 클리어를 잘 활용한 리브 샌박은 게임의 템포를 빠르게 높였다. 실수 없이 20분대에 게임을 끝냈다."
"[LCK] 리브 샌박, 은행 더비서 디알엑스 완파(종합)",https://imgnews.pstatic.net/image/origin/347/2022/07/30/165111.jpg,https://n.news.naver.com/mnews/article/347/0000165111?sid=10779a79b,https://sports.news.naver.com/news.nhn?oid=347&aid=0000165111,https://n.news.naver.com/sports/esports/article/347/0000165111,데일리e스포츠,38,0,2022-07-30T10:49:01,2022-07-30T10:48:01,"리브 샌드박스가 디알엑스를 꺾고 3위 담원 기아와의 격차를 좁혔다.  리브 샌박은 30일 오후 서울 종로구 그랑서울 롤파크 LCK 아레나에서 열린 2022 LCK 서머 7주 차 디알엑스와의 경기서 2대1로 승리했다.  시즌 9승 5패(+6)를 기록한 리브 샌박은 3위 담원 기아(9승 5패, +10)를 득실 차로 압박했다. 2연패에 빠진 디알엑스는 시즌 7승 7패(-1)를 기록했다.  1세트 초반 바텀과 미드 근처 강가 싸움서 킬을 기록한 디알엑스는 경기 11분 오브젝트 근처에서 벌어진 전투서 '표식' 홍창현의 리신이 '카엘' 김진홍의 노틸러스를 끊었다. 경기 15분 바텀에서 '데프트' 김혁규의 루시안이 '프린스' 이채환의 제리를 잡은 디알엑스는 미드 2차 포탑 전투서 킬을 추가했다.  이에 경기 30분 바론을 내준 리브 샌박은 아이템을 갖춘 '프린스'의 제리가 트리플 킬을 기록하는 등 에이스를 띄웠다. 오브젝트를 두고 벌어진 싸움서도 킬을 추가한 리브 샌박은 골드 격차서도 역전에 성공했다.  경기 35분 탑에서 벌어진 한타서 대승을 거둔 리브 샌박은 경기 37분 바텀서 '프린스'의 제리가 트리플 킬을 기록했다. 승기를 굳힌 리브 샌박은 디알엑스의 넥서스를 터트리며 1대0으로 앞서 나갔다.  디알엑스는 2세트 초반 '표식'의 트런들이 탑으로 갱킹을 시도해 '도브' 김재연의 나르를 퍼블로 잡았다. 첫 번째 전령을 두고 벌어진 싸움서 '베릴' 조건희의 라칸이 상대 2명을 잡은 디알엑스는 경기 29분 전령을 전투서 3코어 아이템에 나온 '데프트' 김혁규의 제리를 앞세워 추가 킬을 기록했다.  오브젝트 싸움서도 승리한 디알엑스는 경기 37분 탑 정글에서 벌어진 싸움서 4킬을 추가, 승부를 원점으로 돌렸다.  2세트를 내준 리브 샌박은 3세트 초반 바텀서 '카엘' 김진홍의 레오나가 죽었지만, 첫 번째 오브젝트 전투서 '프린스'의 시비르가 활약하며 4킬을 쓸어 담았다.  경기 10분 탑 다이브 때 '킹겐' 황성훈의 나르와 '제카' 김건우의 리산드라를 잡은 리브 샌박은 이후에 합류한 '베릴'의 노틸러스까지 끊어내며 승기를 잡았다. 경기 13분 탑에서 '도브'의 세주아니가 '킹겐'의 나르를 솔로 킬로 처치한 리브 샌박은 미드 1차 포탑을 밀어낸 뒤 디알엑스의 4명을 정리했다.  탑에서 벌어진 전투서도 디알엑스의 2명을 잡은 리브 샌박은 바텀서도 '데프트'의 베인을 끊었다. 승기를 굳힌 리브 샌박은 대지 드래곤 영혼을 가져온 뒤 경기 25분 상대 본진에 들어가 수비하던 병력을 초토화시키며 경기를 매듭지었다."
"[LCK] ‘정상 대전’ 젠지-T1, 2R 베스트5 공개",https://imgnews.pstatic.net/image/origin/109/2022/07/30/4668638.jpg,https://n.news.naver.com/mnews/article/109/0004668638?sid=10779a79b,https://sports.news.naver.com/news.nhn?oid=109&aid=0004668638,https://n.news.naver.com/sports/esports/article/109/0004668638,OSEN,39,0,2022-07-30T10:44:06,2022-07-30T10:44:06,"[OSEN=종로, 고용준 기자] 앞서 열린 은행 더비는 일종의 에피타이저였다. 7주차 아니 2라운드 최고의 매치라고 할 수 있는 젠지와 T1의 정상 대전의 베스타5가 공개됐다. 젠지와 T1은 30일 오후 서울 종로 롤파크 LCK아레나에서 ‘2022 LOL 챔피언스 코리아(이하 LCK)’ 서머 스플릿 2라운드로 격돌한다. 젠지와 T1은 이번 서머 정규 리그 내내 앞서거니 뒤서거니하며 1위 결졍을 펼쳐왔다. 젠지는 서머 개막 이후 6연승을 이어가면서 1위를 지켜왔고 T1은 4연승을 이어가던 중 광동 프릭스에게 일격을 당하면서 2022년 LCK에서 처음으로 패배를 당했다. 불의의 일격을 당한 이후 T1은 전열을 정비했고 7월 8일 젠지와의 대결에서 2대1로 승리하면서 젠지의 연승 행진에 제동을 걸었다. 이후 두 팀은 누구에게도 패하지 않으면서 승승장구했고 젠지가 6연승, T1이 8연승을 달리면서 나란히 12승 1패를 기록 중이다. 젠지는 쵸비’ 정지훈과 함께 ‘도란’ 최현준, ‘피넛’ 한왕호. ‘룰러’ 박재혁, ‘리헨즈’ 손시우가 선발로 나서고, T1은 이상혁을 필두로 제우스’ 최우제, ‘오너’ 문현준, ‘구마유시’ 이민형, ‘케리아’ 류민석 등 선발 라인업에 이름 석자를 올렸다. / scrapper@osen.co.kr"
"[LCK 서머] 리브 샌드박스, DRX 2:1로 꺾고 9승 고지",https://imgnews.pstatic.net/image/origin/442/2022/07/30/152223.jpg,https://n.news.naver.com/mnews/article/442/0000152223?sid=10779a79b,https://sports.news.naver.com/news.nhn?oid=442&aid=0000152223,https://n.news.naver.com/sports/esports/article/442/0000152223,인벤,40,0,2022-07-30T10:44:04,2022-07-30T10:44:04,"두 번째 뱅크 더비, 이번에도 승자는 리브 샌드박스였다. 이번 승리로 리브 샌드박스는 담원 기아와 함께 9승 라인을 형성했다.   깜짝 등장한 '데프트' 김혁규의 베인이 시작부터 1킬을 챙겼다. 2레벨 2대 2 싸움에서 다소 무리하게 들어온 '카엘' 김진홍의 레오나를 제대로 낚았다. 반대로 드래곤 한타에서는 '프린스' 이채환 시비르의 강점이 나오면서 리브 샌드박스가 2킬만 내주고 4킬을 올렸다. 그나마 DRX가 긍정적으로 생각할 수 있는 건, 베인에게 모든 킬이 들어갔다는 점이었다.  양 팀은 협곡의 전령 싸움에서 동수 교환을 만들어내며 치열한 승부를 이어갔는데, 이후 좀 더 냉정함을 유지한 쪽은 리브 샌드박스였다. 탑 다이브로 '킹겐' 황성훈의 나르를 잡은 리브 샌드박스는 뒤늦게 합류한 '제카' 김건우의 리산드라와 '베릴' 조건희의 노틸러스까지 연달아 잘랐다. DRX 입장에선 설상가상으로 나르가 '도브' 김재연의 세주아니에게 솔로 킬을 허용했다.  리브 샌드박스가 주도권을 꽉 쥐고 몰아치자 DRX의 유일한 희망인 베인이 활약할 구도는 좀처럼 나오지 않았다. 템포를 따라가기조차 벅찼다. 반면, 시비르는 상대적으로 편하게 광역 딜을 퍼부을 수 있었다. 일방적으로 전투 승리를 이어간 리브 샌드박스는 대형 오브젝트를 독식했고, 이변 없이 3세트 승리의 마침표를 찍었다."
"[LCK] 기승전 ’프린스’의 리브 샌박, ‘데프트’의 DRX에 승리(종합)",https://imgnews.pstatic.net/image/origin/236/2022/07/30/226125.jpg,https://n.news.naver.com/mnews/article/236/0000226125?sid=10779a79b,https://sports.news.naver.com/news.nhn?oid=236&aid=0000226125,https://n.news.naver.com/sports/esports/article/236/0000226125,포모스,41,0,2022-07-30T10:43:01,2022-07-30T10:43:01,"프린스로 시작해서 프린스로 끝났다. 원딜 캐리 대결에서 ‘프린스’ 이채환이 뛰어난 캐리력을 뽐내며 팀을 승리로 견인했다. 30일 서울 종로구에 위치한 롤파크에서 진행된 ‘2022 리그 오브 레전드 챔피언스 코리아(LCK)’ 서머 스플릿 7주 4일차 1경기에서 리브 샌박이 DRX에 2대 1로 승리했다. 1세트. 데프트에서 시작해 프린스로 끝났다. 루나미를 선택한 DRX와 제리-노틸러스 조합을 고른 리브 샌박. 초반 DRX의 선수들이 상대보다 좋은 플레이를 선보이며 리브 샌박과의 격차를 벌렸다. 루시안을 플레이한 ‘데프트’ 김혁규는 바텀 지역 1대 3 교전 상황에서 홀로 쓰러지지 않고 ‘프린스’ 이채환의 제리를 잡아내며 1대 1 교환에 성공하고, 중앙 지역에서도 궁극기를 활용해 미드 타워를 수성중이던 제리를 쓰러트리며 활약했다. 경기의 흐름이 DRX에게 넘어간 상황에서 리브 샌박은 프린스 키우기에 돌입했고, 대형 오브젝트와 함께 분위기 반전에 성공했다. DRX가 세 번째 드래곤 스택을 쌓기 위해 드래곤 둥지로 이동한 것을 확인한 리브 샌박은 깜짝 바론 트라이를 통해 시간을 벌었고, 교전 상황에서 제리에게 킬을 몰아주며 제리를 성장시켰다. 어그로 핑퐁에 특화된 아이템을 선택한 아지르도 제리의 캐리력에 힘을 보탰다. 결국 제리가 성장하며 DRX에게 밀리지 않는 화력을 보유하게 됐고, 교전에서 승리하며 골드 역전에도 성공했다. 기회를 놓치지 않은 리브 샌박의 선수들은 DRX를 재차 무릎 꿇리며 역전승을 만들어냈다. 2세트. 이번에는 DRX가 제리를 가져갔지만 리브 샌박은 코르모-룰루와 함께 이를 맞받아쳤다. 코그모는 ‘수확의 낫’을 시작 아이템으로 선택하며 성장에 집중하겠다는 메시지를 던졌다. 이번에도 초반 흐름을 DRX가 가져갔다. DRX가 선취점과 첫 드래곤, 전령을 모두 챙겼으며, 두 번째 전령 등장 후 치러진 교전에서도 승리한 DRX가 전령 획득에도 성공했다. 리브 샌박은 탑 지역에서 나르가 그웬과 트런들을 상대로 슈퍼플레이를 선보이며 2킬을 올리는 것으로 손해를 만회했다. 리브 샌박이 다시 한 번 코그모를 성장시키며 리브 샌박이 DRX를 추격하기 시작했다. 그러나 바론 둥지 앞 교전에서 DRX는 제리를 앞세워 교전 대승을 거두고 바론 사냥에 성공하며 흐름을 가져갔고, 드래곤 교전에서도 승리를 거두며 주도권을 가져갔다. 이후 교전에서도 연전연승에 성공한 DRX는 상대 넥서스 철거에도 성공하며 승부를 원점으로 돌렸다. 마지막 3세트. 리브 샌박의 시비르와 DRX의 베인의 대결이 치러졌다. 초반 DRX의 바텀 듀오가 라인전 단계에서 선취점을 가져갔지만 드래곤 교전에서 리브 샌박이 대량의 득점을 가져가며 이득을 올렸다. 리브 샌박은 라인 클리어에 강점이 있는 시비르와 함께 라인을 먼저 승리하고 상대보다 한 발 앞서 플레이를 펼치며 DRX와의 격차를 벌렸다. 시비르가 맹활약을 펼친 리브 샌박은 결국 ‘데프트’ 김혁규 베인의 DRX를 꺾고 경기를 승리로 장식했다."
"'감히 베인을 꺼내?' 리브 샌박, 접전 끝에 DRX 꺾고 '플옵 딱 기다려!' [LCK]",https://imgnews.pstatic.net/image/origin/311/2022/07/30/1482728.jpg,https://n.news.naver.com/mnews/article/311/0001482728?sid=10779a79b,https://sports.news.naver.com/news.nhn?oid=311&aid=0001482728,https://n.news.naver.com/sports/esports/article/311/0001482728,엑스포츠뉴스,42,0,2022-07-30T10:41:01,2022-07-30T10:41:01,"(엑스포츠뉴스 최지영기자) 리브 샌박이 DRX를 꺾고 9승 고지를 달성했다.  30일 서울 종로 롤파크에서는 '2022 LCK 서머' 2라운드 DRX 대 리브 샌박의 맞대결이 진행됐다. 이날 DRX에서는 '킹겐' 황성훈, '표식' 홍창현, '제카' 김건우, '데프트' 김혁규, '베릴' 조건희가 출전했다. 리브 샌박에서는 '도브' 김재연, '크로코' 김동범, '클로저' 이주현, '프린스' 이채환, '카엘' 김진홍이 등장했다. 3세트에서 리브 샌박은 블루 진영을 DRX는 레드 진영을 선택했다. 리브 샌박은 세주아니, 오공, 아리, 시비르, 레오나를 픽했다. DRX는 나르, 트런들, 리산드라, 베인, 노틸러스를 골랐다. 시작부터 봇이 핫 플레이스였다. 프린스-카엘이 먼저 싸움을 걸었지만 데프트-베릴이 제대로 받아치면서 데프트가 킬을 먹었다. 리브 샌박은 봇 패배에도 첫 화염용을 빠르게 쳤고 이를 캐치한 DRX가 덮쳤지만 한타는 패배했다. 리브 샌박의 결단력이 빛난 순간이었다. 싸움은 계속됐다. 첫 전령 타임, 다시 한 번 대규모 한타가 열렸고 리브 샌박이 잘 대처하며 전령을 회득했다. DRX는 흔들렸다. 탑을 끝까지 막으려 했지만 줄줄히 잡혔고 순식간에 기세는 리브 샌박에게 넘어갔다.  DRX에게 빨간불이 켜졌다. 리브 샌박은 6킬 프린스를 앞세워 치고 나갔고 1차를 밀면서 다시 한 번 대승을 거뒀다. 리브 샌박은 DRX에게 시간을 주지 않았다. 잘 큰 데프트를 끊고 봇 고속도로를 뚫은 리브 샌박은 억제기도 파괴했다. 골드 차이를 쭉쭉 벌린 리브 샌박은 바론을 치면서 싸움으로 전환, 힘의 차이를 보여주며 3킬을 먹었고 바론도 손쉽게 처치했다. 25분 경 리브 샌박은 바론 버프를 두른 채 3억제기를 파괴했고 그대로 쌍둥이까지 터트리며 경기를 마무리했다.  사진=엑스포츠뉴스DB"
"‘제리=제리’로 응수 DRX, 샌드박스에 설욕 승부는 ‘원점’[SS종로in]",https://imgnews.pstatic.net/image/origin/468/2022/07/30/870042.jpg,https://n.news.naver.com/mnews/article/468/0000870042?sid=10779a79b,https://sports.news.naver.com/news.nhn?oid=468&aid=0000870042,https://n.news.naver.com/sports/esports/article/468/0000870042,스포츠서울,43,0,2022-07-30T10:31:01,2022-07-30T10:30:21,DRX의 원거리 딜러 ‘데프트’ 김혁규.  종로=김지윤 기자 merry0619@sportsseoul.com [스포츠서울 | 종로=김민규기자]DRX가 ‘제리’를 ‘제리’로 응수하며 2세트를 챙기며 승부를 원점으로 돌렸다. 이전 1세트에서 리브 샌드박스의 원거리 딜러 ‘프린스’ 이채환의 ‘제리’ 성장에 패했던 DRX는 2세트에서 ‘데프트’ 김혁규가 ‘제리’를 잡고 경기를 압도했다.    DRX는 30일 서울 종로구에 위치한 롤 파크에서 진행된 ‘2022 LoL 챔피언스 코리아(이하 LCK)’ 서머 스플릿 7주차 샌드박스와 대결에서 2세트를 승리하며 세트스코어 1-1을 만들었다. DRX는 1세트에 이어 2세트에서도 초반 주도권을 잡았다. 다른 점이 있다면 1세트에는 역전을 허용했지만 2세트에선 꼼꼼한 경기 운영으로 반격을 허용치 않았다.  주도권을 쥔 DRX는 전령 앞에서 열린 한타 교전에서 일방적인 승리를 챙기며 앞서 나갔다. 샌드박스도 적절히 반격했지만 그 뿐이었다. 1세트와 같은 역전을 허용하지 않겠다는 듯 DRX는 쉴 틈 없이 샌드박스를 압박했다. 바론 앞에서 교전을 열어 ‘프린스’를 잡아내는 등 기세를 늦추지 않았다.   1세트에서 ‘프린스’의 ‘제리’가 역전승을 일궈냈다면 2세트에선 ‘데프트’ 김혁규의 ‘제리’가 더 이상의 역전을 허용하지 않았다. ‘데프트’의 잘 큰 ‘제리’는 빠르게 코어 아이템을 맞추며 경기를 주도해 나갔다. 바론 앞 한타 교전에서 ‘제리’의 활약에 DRX가 대승을 거뒀고 바론까지 획득했다. 확실한 승기를 잡은 DRX는 공격 템포를 늦추지 않고 샌드박스를 압박했다. 조합의 힘을 잃은 샌드박스는 무기력했고 이미 승부를 뒤집기엔 역부족이었다.   손쉽게 네 번째 영혼의 용까지 챙긴 DRX가 샌드박스의 본진으로 밀고 들어갔고 38분 만에 넥서스를 파괴하며 2세트를 따냈다. 승부는 마지막 3세트로 이어지게 됐다. kmg@sportsseoul.com
"[LCK 서머] 이번엔 우리가 제리! DRX, 2세트 반격...1:1",https://imgnews.pstatic.net/image/origin/442/2022/07/30/152220.jpg,https://n.news.naver.com/mnews/article/442/0000152220?sid=10779a79b,https://sports.news.naver.com/news.nhn?oid=442&aid=0000152220,https://n.news.naver.com/sports/esports/article/442/0000152220,인벤,44,0,2022-07-30T10:10:30,2022-07-30T09:55:01,"DRX가 2세트 반격에 성공했다. 리브 샌드박스는 제리를 내주고 코그모-룰루로 받아쳤지만, 원하는 결과를 얻지 못했다.  2세트도 1세트와 비슷한 흐름으로 흘러갔다. 주도권을 잡은 건 DRX였는데, 리브 샌드박스가 적절한 반격을 통해 추격의 발판을 쌓아갔다. '표식' 홍창현의 트런들이 탑 갱킹으로 선취점을 챙기자 리브 샌드박스는 탑 다이브를 받아쳐 킬 스코어를 따라잡았다. DRX는 전령 한타에서 일방적으로 승리하며 또 한 발 앞서갔고, 리브 샌드박스는 트런들을 잘라내며 한숨 돌렸다.  DRX는 이번에는 역전은 허용하지 않겠다는 듯 계속해 리브 샌드박스를 몰아붙였다. 바론으로 상대를 불러 '프린스' 이채환의 코그모를 잡아내기도 했다. '베릴' 조건희의 라칸이 한 번 잡히긴 했지만, 여전히 유리했다. '데프트' 김혁규의 제리는 코어 아이템 세 개를 갖추며 전성기를 맞이했다. 결국, 바론 한타에서 제리가 날뛰는 그림이 나오면서 DRX가 전투를 대승하고 바론까지 손에 넣었다.  이제는 DRX가 확실하게 승기를 잡았다. 점멸 없는 코그모는 연이은 전투에서 살아남을 수 없었고, 리브 샌드박스의 조합은 힘을 잃었다. 글로벌 골드는 1만 차이가 코앞이었다. 너무 손쉽게 바람 드래곤의 영혼을 챙긴 DRX는 미드로 밀고 들어갔고, 코그모를 시작으로 리브 샌드박스의 챔피언을 일망타진하면서 그대로 경기를 마무리 지었다."
"'제리 잡은 데프트!' DRX, 제대로 각성하며 '2세트 승리' [LCK]",https://imgnews.pstatic.net/image/origin/311/2022/07/30/1482703.jpg,https://n.news.naver.com/mnews/article/311/0001482703?sid=10779a79b,https://sports.news.naver.com/news.nhn?oid=311&aid=0001482703,https://n.news.naver.com/sports/esports/article/311/0001482703,엑스포츠뉴스,45,0,2022-07-30T09:50:01,2022-07-30T09:50:01,"(엑스포츠뉴스 최지영기자) DRX가 2세트를 가져가며 경기를 원점으로 돌렸다.  30일 서울 종로 롤파크에서는 '2022 LCK 서머' 2라운드 DRX 대 리브 샌박의 맞대결이 진행됐다. 이날 리브 샌박에서는 '도브' 김재연, '크로코' 김동범, '클로저' 이주현, '프린스' 이채환, '카엘' 김진홍이 나왔고 DRX에서는 '킹겐' 황성훈, '표식' 홍창현, '제카' 김건우, '데프트' 김혁규, '베릴' 조건희가 등장했다. 2세트에서 DRX는 그웬, 트런들, 리산드라, 제리, 라칸을 골랐고 리브 샌박은 나르, 오공, 아리, 코그모, 룰루를 픽했다. 이번 매치도 시작은 DRX가 좋았다. 킹겐은 좋은 딜교환으로 표식을 불렀고 선취점을 빠르게 따냈다. 추가로 DRX는 첫 바다용과 첫 전령을 챙겨갔다.  표식은 계속해서 탑을 노려주며 도브를 말렸다. 사고는 있었지만 결국 DRX가 탑 1차를 파괴하며 앞서나갔다. DRX가 기세를 잡았다. 두 번째 전령 전투에서 대승을 거두며 확실히 데프트를 키웠다. DRX는 전령을 통해 미드 1차를 밀면서 리브 샌박을 압박했고 클로저를 따내며 이득을 굴렸다. 23분 경 DRX는 바론을 빠르게 쳤고 싸움으로 전환, 잘 크던 프린스를 끊어냈다.  데프트의 3코어가 뜬 상황에서 DRX를 막을 순 없었다. DRX는 베릴이 잘렸음에도 리브 샌박을 잡아먹었고 결국 바론을 획득했다. DRX는 바론으로 4천을 벌었고 양 팀의 골드 격차는 9천까지 벌어졌다. 37분 경 DRX는 바론을 보기 보다는 미드로 치고 올라갔고 다급하게 막으러 온 리브 샌박 선수들을 줄줄히 잡아내며 경기를 그대로 끝냈다.    사진=엑스포츠뉴스DB"
"[LCK] T1-젠지 선발 명단 공개, 콩댄스 구마유시 vs 춤추고 싶은 도란",https://imgnews.pstatic.net/image/origin/236/2022/07/30/226124.jpg,https://n.news.naver.com/mnews/article/236/0000226124?sid=10779a79b,https://sports.news.naver.com/news.nhn?oid=236&aid=0000226124,https://n.news.naver.com/sports/esports/article/236/0000226124,포모스,46,0,2022-07-30T09:41:01,2022-07-30T09:37:01,"이번 서머 시즌 우승에 가장 가깝다고 평가받는 T1과 젠지, 양 팀이 정규 리그 1위 자리의 주인을 가린다. ‘구마유시’ 이민형과 ‘도란’ 최현준이 승리 시 댄스 타임을 약속한 가운데, 동료들 또한 댄스 타임 마련을 위해 힘을 보태고자 한다. 30일 서울 종로구에 위치한 롤파크에서 진행될 ‘2022 리그 오브 레전드 챔피언스 코리아(LCK)’ 서머 스플릿 7주 4일차 2경기에서 T1과 젠지가 맞붙는다. T1은 ‘제우스’ 최우제-‘오너’ 문현준-‘페이커’ 이상혁-‘구마유시’ 이민형-‘케리아’ 류민석이 선발 명단에 이름을 올렸다. 이민형의 ‘콩댄스’ 공약을 지킬 수 있도록 도울 예정이다. 젠지는 ‘도란’ 최현준-‘피넛’ 한왕호-‘쵸비’ 정지훈-‘룰러’ 박재혁-‘리헨즈’ 손시우가 경기에 나서 팬들에게 최현준의 댄스 타임을 선보이고자 한다. 두 선수 중 기쁜 마음으로 춤을 추게 될 선수는 누구일까. 서머 시즌 최강의 팀을 가리는 대결이기도 한 T1과 젠지의 대결은 8시에 시작될 2경기를 통해 확인할 수 있다."
"[LCK 서머] '제리 엔딩' 리브 샌드박스, DRX에 1세트 역전승",https://imgnews.pstatic.net/image/origin/442/2022/07/30/152218.jpg,https://n.news.naver.com/mnews/article/442/0000152218?sid=10779a79b,https://sports.news.naver.com/news.nhn?oid=442&aid=0000152218,https://n.news.naver.com/sports/esports/article/442/0000152218,인벤,47,0,2022-07-30T08:49:01,2022-07-30T08:49:01,"1세트는 리브 샌드박스의 역전승이었다. 불리하게 출발했지만, 조합의 강점이 드러나는 후반까지 버티는데 성공하면서 '제리 엔딩'을 완성할 수 있었다.  선취점은 DRX가 챙겼다. 루시안-나미로 봇 주도권을 꽉 쥔 상황에서 갱킹을 시도하는 '크로코' 김동범의 오공을 역으로 잡았다. '제카' 김건우 리산드라의 빠른 합류도 주효했다. DRX는 상대 봇 듀오의 동선을 예측하고 매복하는 플레이로 추가 킬을 올렸다. 리브 샌드박스의 본대가 협곡의 전령을 포기하며 합류했지만, 상황은 이미 끝났다 주도권을 잡은 DRX는 리브 샌드박스의 반격을 더 큰 반격으로 응수하며 우위를 지켰다. 리산드라가 잘린 상황에서 '카엘' 김진홍의 노틸러스를 잡고 드래곤도 빼앗았다. 사이드 라인에서 위기에 몰렸던 '데프트' 김혁규의 루시안은 '프린스' 이채환의 제리를 솔로 킬 내면서 1:1 교환을 만들어냈다.  22분 경, 홀로 미드 2차를 수성하던 제리가 잘렸다. 루시안의 궁극기가 제대로 들어갔고, 리산드라의 마무리가 좋았다. 이에 리브 샌드박스는 DRX가 3용을 챙겨가는 사이 깜짝 바론을 가져가며 시간을 벌었다. 하지만, 라인을 정리하고 퇴각하는 과정에서 뒤가 잡히면서 전투를 대패하고 말았다.  그럼에도 리브 샌드박스는 DRX의 빈틈을 파고들며 추격의 의지를 다졌다. 나르를 잘라내고 드래곤 스택을 끊은 것도 리브 샌드박스에게는 호재였다. 마음이 급해진 DRX는 바론을 두드렸는데, 리브 샌드박스에게는 천금의 기회가 됐다. 제리가 마음 편히 대미지를 쏟아부을 수 있는 구도가 되면서 리브 샌드박스가 에이스를 띄웠다.  이제는 '클로저' 이주현의 아지르와 제리에게 현상금이 붙었고, 글로벌 골드도 역전됐다. 상대적으로 팔이 짧은 DRX는 대치 구도에서 일방적으로 밀릴 수밖에 없었다. 결국, 전투에서 연전연승을 거듭한 리브 샌드박스는 1세트 역전승에 완성했다."
"'결국 성장한 프린스!' 리브 샌박, 제리 하드캐리로 '1세트 역전' [LCK]",https://imgnews.pstatic.net/image/origin/311/2022/07/30/1482679.jpg,https://n.news.naver.com/mnews/article/311/0001482679?sid=10779a79b,https://sports.news.naver.com/news.nhn?oid=311&aid=0001482679,https://n.news.naver.com/sports/esports/article/311/0001482679,엑스포츠뉴스,48,0,2022-07-30T08:47:01,2022-07-30T08:47:01,"(엑스포츠뉴스 최지영기자) 리브 샌박이 제리 키우기에 성공하며 1세트를 역전했다.  30일 서울 종로 롤파크에서는 '2022 LCK 서머' 2라운드 DRX 대 리브 샌박의 맞대결이 진행됐다. 이날 DRX에서는 '킹겐' 황성훈, '표식' 홍창현, '제카' 김건우, '데프트' 김혁규, '베릴' 조건희가 출전했다. 리브 샌박에서는 '도브' 김재연, '크로코' 김동범, '클로저' 이주현, '프린스' 이채환, '카엘' 김진홍이 등장했다. 1세트에서 DRX는 나르, 리신, 리산드라 루시안 나미를 픽했다. 리브 샌박은 세주아니, 오공, 아지르, 제리, 노틸러스를 골랐다. 초반 라인전은 DRX가 주도했다. 표식은 봇 리드를 앞세워 첫 바람용을 처치했고 추가로 봇 갱킹을 시도한 크로코 역시 잡혔다. DRX는 교전으로 리브 샌박을 압박했다. 첫 전령 타임, DRX는 전령 대신 봇 듀오를 노려주면서 리브 샌박의 전령 시도를 저지시켰다. 그 결과 전령은 오히려 DRX가 가져갔다.    리브 샌박도 불리한 상황에서 프린스 키우기에 돌입했다. 리브 샌박은 3인 압박을 통해 프린스에게 킬을 주기 위해 노력했지만 데프트의 슈퍼플레이가 터지면서 오히려 데려갔다.  DRX는 성장한 데프트를 앞세워 미드 2차 공략에 성공했고 리브 샌박의 희망이었던 프린스까지 잡아냈다, 이로써 DRX는 드래곤 3스택을 빠르게 쌓았다. 하지만 리브 샌박에게는 한 방이 있었다. 깜짝 바론 시도를 성공시키며 분위기를 반전시켰다. DRX는 바론을 내줬음에도 굴하지 않았다. DRX는 용쪽에서 열린 한타에서 대승을 거두면서 4킬을 올렸다. 리브 샌박은 바론으로 큰 이득을 보지 못했다.  27분 경 네 번째 마법공학 용 직전, 리브 샌박은 킹겐과 표식을 순식간에 터트리며 DRX의 용 스택을 저지했다. 용을 내 준 DRX는 두 번째 바론을 먼저 쳤고 빠르게 먹었지만 리브 샌박의 한타에 당했다. 결국 프린스가 성장에 성공했다. 다시 경기는 팽팽하게 됐다. 리브 샌박은 프린스를 앞세워 DRX를 밀어냈고 오히려 본인들이 용 3스택을 쌓았다. 경기는 역전됐다. 이제 리브 샌박이 골드를 앞서나가기 시작했다. 리브 샌박은 탑으로 뭉치면서 DRX를 줄줄이 잡아냈다. DRX도 반격을 시도했지만 힘의 차이에 무너졌다. 리브 샌박은 37분 경 봇에서 4킬을 휩쓸면서 경기를 그대로 마무리했다. 길었던 경기를 역전해냈다.  사진=엑스포츠뉴스DB"
4주 만에 공동 선두 체재 깨진 LCK CL,https://imgnews.pstatic.net/image/origin/005/2022/07/30/1543293.jpg,https://n.news.naver.com/mnews/article/005/0001543293?sid=10779a79b,https://sports.news.naver.com/news.nhn?oid=005&aid=0001543293,https://n.news.naver.com/sports/esports/article/005/0001543293,국민일보,49,0,2022-07-30T07:41:01,2022-07-30T07:41:01,"LCK 제공 T1과 리브 샌드박스의 2군 리그 공동 선두 체재가 4주 만에 깨졌다. 지난 25일부터 29일까지 온라인으로 진행된 ‘2022 LCK 챌린저스 리그(LCK CL)’ 서머 시즌 정규 리그 7주 차 경기에서 T1은 4승을, 리브 샌박은 4패를 추가했다. T1은 19승9패, 리브 샌박은 15승13패가 돼 대회 3주 차부터 공동 선두를 달려왔던 두 팀 간 희비가 교차했다. 두 팀은 정규 리그 6주 차를 나란히 15승9패로 마무리한 바 있다. T1은 이번 주에 농심 레드포스, 한화생명e스포츠, 리브 샌박, 젠지 상대로 전승을 거두고 단독 1위가 됐다. 반면 리브 샌박은 DRX, 담원 기아, T1, KT에 승점을 헌납해 단숨에 4위로 내려갔다. 리브 샌박이 주춤한 사이 담원 기아와 젠지가 매서운 기세로 치고 올라왔다. 담원 기아는 7주 차에도 4전 전승을 거둬 9연승을 기록했다. 프레딧 브리온, 리브 샌박, DRX, 광동 프릭스 상대로 승점을 빼앗은 이들은 18승10패를 기록, 단독 2위가 됐다. 3승1패를 추가한 젠지(16승12패)도 3위 자리를 비집고 들어왔다. 중위권은 여전히 촘촘하다. 농심과 DRX, KT가 나란히 5할 승률(14승14패)을 기록해 공동 5위 싸움을 이어나갔다. 세 팀은 지난 6주 차에도 같은 승률과 순위를 기록한 바 있다. 사이 좋게 2승2패씩을 추가한 셈이다. 하위권도 순위 변화가 없었다. 광동이 12승16패로 8위, 한화생명이 10승18패로 9위에 이름을 올렸다. 프레딧은 8승20패로 꼴찌인 10위에 머물렀다. 세 팀은 나란히 1승3패씩을 거뒀다."
"'물러설 수 없는 데프트 VS 프린스' DRX-리브 샌박, 선발 라인업 공개 [LCK]",https://imgnews.pstatic.net/image/origin/311/2022/07/30/1482660.jpg,https://n.news.naver.com/mnews/article/311/0001482660?sid=10779a79b,https://sports.news.naver.com/news.nhn?oid=311&aid=0001482660,https://n.news.naver.com/sports/esports/article/311/0001482660,엑스포츠뉴스,50,0,2022-07-30T07:18:01,2022-07-30T07:18:01,"(엑스포츠뉴스 최지영기자) DRX와 리브 샌박의 플옵을 위한 맞대결을 앞두고 베스트 라인업을 가동했다.  30일 서울 종로 롤파크에서는 '2022 LCK 서머' 2라운드 DRX 대 리브 샌박의 경기가 펼쳐진다. 플옵 진출이 간절한 양 팀의 맞대결이다. 특히 DRX의 경우 젠지에게 패배하며 간신히 6위 자리를 지키고 있다. 더불어 KT의 기세를 무시할 수 없는 상황. 플옵권을 확정 짓기 위해선 리브 샌박의 승리가 절실하다. DRX는 '킹겐' 황성훈, '표식' 홍창현, '제카' 김건우, '데프트' 김혁규, '베릴' 조건희가 출격할 예정이다.  농심에게 일격을 맞으면서 플옵 진출에 제동이 걸린 리브 샌박. 특히 남은 대진을 봤을 때 녹록치 않다. 여기서 치고 올라가야한다. '도브' 김재연, '크로코' 김동범, '클로저' 이주현, '프린스' 이채환, '카엘' 김진홍이 선발로 나온다.  양 팀의 맞대결은 단연 원딜러 간의 싸움에 주목이 쏠린다. 야스오 원딜이라는 깜짝 카드도 사용 중인 데프트가 요즘 메타에 최적화 된 프린스를 상대로 어떤 플레이와 픽을 보여줄지가 관건이다.  사진=엑스포츠뉴스DB"
